"","sample_id","celltype","techniques"
"s3r1f.TCGTTAGGAGTCCCTA.1","s3r1f.TCGTTAGGAGTCCCTA.1","Proprioceptors","spatialseq_DF"
"s6r1m.GACATCGATTTATAAC.1","s6r1m.GACATCGATTTATAAC.1","Aß SA LTMRs","spatialseq_DF"
"s2r2m.AGTCGTCGACCACCAA.1","s2r2m.AGTCGTCGACCACCAA.1","Ad HTMRs","spatialseq_DF"
"s1r2f.CTTAGTGTAGTAGCAT.1","s1r2f.CTTAGTGTAGTAGCAT.1","PENK+ nociceptors","spatialseq_DF"
"s3r2f.CTGGCTGGTTGTCAGT.1","s3r2f.CTGGCTGGTTGTCAGT.1","Cold nociceptors","spatialseq_DF"
"s5r2f.TAACCTACCGTCCGAG.1","s5r2f.TAACCTACCGTCCGAG.1","Aß SA LTMRs","spatialseq_DF"
"s6r2m.AACGTGATGAAGGACA.1","s6r2m.AACGTGATGAAGGACA.1","Aß RA LTMRs","spatialseq_DF"
"s3r2f.CGTCACGTCCATTGGT.1","s3r2f.CGTCACGTCCATTGGT.1","Ad LTMRs","spatialseq_DF"
"s3r1f.TCCGAACTTGGCTTAC.1","s3r1f.TCCGAACTTGGCTTAC.1","PENK+ nociceptors","spatialseq_DF"
"s8r2m.AGCTAAGTACGCAGGC.1","s8r2m.AGCTAAGTACGCAGGC.1","Proprioceptors","spatialseq_DF"
"s4r2m.CCGTTACGTTAGAACA.1","s4r2m.CCGTTACGTTAGAACA.1","PENK+ nociceptors","spatialseq_DF"
"s7r2f.CCTGTCACCCGGGCTC.1","s7r2f.CCTGTCACCCGGGCTC.1","TRPA1+ nociceptors","spatialseq_DF"
"s6r2m.TCTATCATGCAGTTAC.1","s6r2m.TCTATCATGCAGTTAC.1","Aß RA LTMRs","spatialseq_DF"
"s6r2m.ACGTGCGCCTCGTGCA.1","s6r2m.ACGTGCGCCTCGTGCA.1","TRPA1+ nociceptors","spatialseq_DF"
"s2r1m.CGCCGCCCATGCCTGT.1","s2r1m.CGCCGCCCATGCCTGT.1","Putative C-LTMRs","spatialseq_DF"
"s7r1f.CGTCTGGAAGGGCCCG.1","s7r1f.CGTCTGGAAGGGCCCG.1","Cold nociceptors","spatialseq_DF"
"s2r1m.TTCAACGACCCGACCG.1","s2r1m.TTCAACGACCCGACCG.1","Aß SA LTMRs","spatialseq_DF"
"s8r1m.CCAGCCTGGACCAATA.1","s8r1m.CCAGCCTGGACCAATA.1","TRPA1+ nociceptors","spatialseq_DF"
"s5r2f.TCACGATGTCCGTGGA.1","s5r2f.TCACGATGTCCGTGGA.1","Aß SA LTMRs","spatialseq_DF"
"s4r2m.GATCCTAAATCGGGAC.1","s4r2m.GATCCTAAATCGGGAC.1","Aß SA LTMRs","spatialseq_DF"
"s4r2m.ACACCCAGCATGCAGC.1","s4r2m.ACACCCAGCATGCAGC.1","TRPA1+ nociceptors","spatialseq_DF"
"s8r2m.GCTAGTTTCATTGAGG.1","s8r2m.GCTAGTTTCATTGAGG.1","Aß SA LTMRs","spatialseq_DF"
"s5r2f.ACGATACATAGAACTA.1","s5r2f.ACGATACATAGAACTA.1","Aß RA LTMRs","spatialseq_DF"
"s4r1m.TTGTAATCCGTACTCG.1","s4r1m.TTGTAATCCGTACTCG.1","Ad HTMRs","spatialseq_DF"
"s5r1f.AGGCAGATGCGTAAAC.1","s5r1f.AGGCAGATGCGTAAAC.1","Cold nociceptors","spatialseq_DF"
"s8r2m.CAGCTTAGTAGGTAGC.1","s8r2m.CAGCTTAGTAGGTAGC.1","Aß SA LTMRs","spatialseq_DF"
"s2r2m.ACATTTGAAACCTAAC.1","s2r2m.ACATTTGAAACCTAAC.1","Cold nociceptors","spatialseq_DF"
"s7r1f.CAAATTGTCAGCAAGC.1","s7r1f.CAAATTGTCAGCAAGC.1","Ad HTMRs","spatialseq_DF"
"s8r2m.CTGGTAACACATAGAA.1","s8r2m.CTGGTAACACATAGAA.1","Aß nociceptors","spatialseq_DF"
"s3r1f.ATTCAGGACCTATTTC.1","s3r1f.ATTCAGGACCTATTTC.1","Aß RA LTMRs","spatialseq_DF"
"s3r1f.ATGTAAGGCTGCTCTT.1","s3r1f.ATGTAAGGCTGCTCTT.1","PENK+ nociceptors","spatialseq_DF"
"s5r2f.ATACTAGCATGACCCT.1","s5r2f.ATACTAGCATGACCCT.1","Aß RA LTMRs","spatialseq_DF"
"s4r2m.AGCGCGGGTGCCAATG.1","s4r2m.AGCGCGGGTGCCAATG.1","Pruritogen receptor enriched","spatialseq_DF"
"s5r1f.CCGTTACGTTAGAACA.1","s5r1f.CCGTTACGTTAGAACA.1","Aß RA LTMRs","spatialseq_DF"
"s6r2m.TCACAGGGAATCGCAA.1","s6r2m.TCACAGGGAATCGCAA.1","Aß RA LTMRs","spatialseq_DF"
"s2r2m.TTGGGACACTGCCCGC.1","s2r2m.TTGGGACACTGCCCGC.1","PENK+ nociceptors","spatialseq_DF"
"s5r2f.TGTTCTTCCATTGACT.1","s5r2f.TGTTCTTCCATTGACT.1","Aß SA LTMRs","spatialseq_DF"
"s5r2f.GTGCGACAGGGAGTGT.1","s5r2f.GTGCGACAGGGAGTGT.1","Aß SA LTMRs","spatialseq_DF"
"s8r1m.GTAAGTCCACACTCTA.1","s8r1m.GTAAGTCCACACTCTA.1","TRPA1+ nociceptors","spatialseq_DF"
"s7r2f.AGAGGTATCTCGGTCC.1","s7r2f.AGAGGTATCTCGGTCC.1","Aß SA LTMRs","spatialseq_DF"
"s7r2f.ACTGTACGATACACAT.1","s7r2f.ACTGTACGATACACAT.1","Ad HTMRs","spatialseq_DF"
"s1r2f.CCGGCACGACCGTTTC.1","s1r2f.CCGGCACGACCGTTTC.1","TRPA1+ nociceptors","spatialseq_DF"
"s5r1f.CCGCGGGTACGAAGAA.1","s5r1f.CCGCGGGTACGAAGAA.1","PENK+ nociceptors","spatialseq_DF"
"s5r2f.TTGAGAGTACTGCTAA.1","s5r2f.TTGAGAGTACTGCTAA.1","Aß SA LTMRs","spatialseq_DF"
"s1r2f.CTAACGAAACTTGCTG.1","s1r2f.CTAACGAAACTTGCTG.1","Cold nociceptors","spatialseq_DF"
"s8r1m.TATTGACATTTCTGCC.1","s8r1m.TATTGACATTTCTGCC.1","Aß RA LTMRs","spatialseq_DF"
"s1r2f.TGAGATTAGGCCCTAA.1","s1r2f.TGAGATTAGGCCCTAA.1","Aß SA LTMRs","spatialseq_DF"
"s7r2f.ACAGGCTTGCCCGACT.1","s7r2f.ACAGGCTTGCCCGACT.1","TRPA1+ nociceptors","spatialseq_DF"
"s3r1f.TTGCTCCCATACCGGA.1","s3r1f.TTGCTCCCATACCGGA.1","Ad HTMRs","spatialseq_DF"
"s1r1f.GGAATGCGCTAGCGTG.1","s1r1f.GGAATGCGCTAGCGTG.1","Cold nociceptors","spatialseq_DF"
"s4r1m.AGATCTCAGGTGTGAT.1","s4r1m.AGATCTCAGGTGTGAT.1","TRPA1+ nociceptors","spatialseq_DF"
"s7r2f.GCGCTAATTGAATAGA.1","s7r2f.GCGCTAATTGAATAGA.1","Ad HTMRs","spatialseq_DF"
"s2r2m.AGTCGTATAAAGCAGA.1","s2r2m.AGTCGTATAAAGCAGA.1","Pruritogen receptor enriched","spatialseq_DF"
"s8r2m.CAATGCGAGAAGTATC.1","s8r2m.CAATGCGAGAAGTATC.1","TRPA1+ nociceptors","spatialseq_DF"
"s7r2f.TATTCCGAGCTGTTAT.1","s7r2f.TATTCCGAGCTGTTAT.1","TRPA1+ nociceptors","spatialseq_DF"
"s7r1f.TTAACTCACGCGTGGA.1","s7r1f.TTAACTCACGCGTGGA.1","Aß RA LTMRs","spatialseq_DF"
"s3r1f.TCCCTTGTCTGAAACT.1","s3r1f.TCCCTTGTCTGAAACT.1","Putative silent nociceptors","spatialseq_DF"
"s5r2f.TACTCGGCACGCCGGG.1","s5r2f.TACTCGGCACGCCGGG.1","Cold nociceptors","spatialseq_DF"
"s3r1f.CAGATCATTTAAAGTC.1","s3r1f.CAGATCATTTAAAGTC.1","Aß SA LTMRs","spatialseq_DF"
"s5r1f.ATAGAGTACTGGGACA.1","s5r1f.ATAGAGTACTGGGACA.1","Pruritogen receptor enriched","spatialseq_DF"
"s5r1f.TATGATCCGGCACGCC.1","s5r1f.TATGATCCGGCACGCC.1","Aß SA LTMRs","spatialseq_DF"
"s5r1f.TGACGAATATTTCCCT.1","s5r1f.TGACGAATATTTCCCT.1","Proprioceptors","spatialseq_DF"
"s8r1m.GCGACATGTAAACATC.1","s8r1m.GCGACATGTAAACATC.1","PENK+ nociceptors","spatialseq_DF"
"s3r1f.ATGCCATTTGCGACCA.1","s3r1f.ATGCCATTTGCGACCA.1","Putative silent nociceptors","spatialseq_DF"
"s5r2f.GGTTACCACCCTCGGG.1","s5r2f.GGTTACCACCCTCGGG.1","Pruritogen receptor enriched","spatialseq_DF"
"s7r2f.TGGTATCGCATCCCAA.1","s7r2f.TGGTATCGCATCCCAA.1","Pruritogen receptor enriched","spatialseq_DF"
"s5r2f.GGTCGGCCAGGAGCTT.1","s5r2f.GGTCGGCCAGGAGCTT.1","PENK+ nociceptors","spatialseq_DF"
"s2r2m.AACAATTACTCTACGC.1","s2r2m.AACAATTACTCTACGC.1","Proprioceptors","spatialseq_DF"
"s8r1m.CTACGCACGGAGTACC.1","s8r1m.CTACGCACGGAGTACC.1","Cold nociceptors","spatialseq_DF"
"s8r2m.GTAGACACGCCTGACT.1","s8r2m.GTAGACACGCCTGACT.1","Aß RA LTMRs","spatialseq_DF"
"s5r2f.TCCCGTGTGCAATTTG.1","s5r2f.TCCCGTGTGCAATTTG.1","Cold nociceptors","spatialseq_DF"
"s6r2m.TAAGGAACTTGTGGGA.1","s6r2m.TAAGGAACTTGTGGGA.1","Aß RA LTMRs","spatialseq_DF"
"s6r1m.CGGTGCAGATAGAACG.1","s6r1m.CGGTGCAGATAGAACG.1","PENK+ nociceptors","spatialseq_DF"
"s2r1m.AACGGACGTACGTATA.1","s2r1m.AACGGACGTACGTATA.1","Aß RA LTMRs","spatialseq_DF"
"s7r1f.CCGTACCCAAGCGCCA.1","s7r1f.CCGTACCCAAGCGCCA.1","Cold nociceptors","spatialseq_DF"
"s1r2f.TCCCAAACAGACAACG.1","s1r2f.TCCCAAACAGACAACG.1","Aß SA LTMRs","spatialseq_DF"
"s3r2f.TACCAGAAGTAGGTTC.1","s3r2f.TACCAGAAGTAGGTTC.1","Ad HTMRs","spatialseq_DF"
"s6r1m.CCAACGATGCACTGAT.1","s6r1m.CCAACGATGCACTGAT.1","Ad HTMRs","spatialseq_DF"
"s1r2f.TCGGGTGAAACTGCTA.1","s1r2f.TCGGGTGAAACTGCTA.1","Aß RA LTMRs","spatialseq_DF"
"s7r1f.AGTCAAGATGACACTT.1","s7r1f.AGTCAAGATGACACTT.1","TRPA1+ nociceptors","spatialseq_DF"
"s2r1m.GTACACTTACCTGAAG.1","s2r1m.GTACACTTACCTGAAG.1","TRPA1+ nociceptors","spatialseq_DF"
"s2r1m.ATACGTACTTAGCCAC.1","s2r1m.ATACGTACTTAGCCAC.1","Aß RA LTMRs","spatialseq_DF"
"s3r2f.CGTTTCGCTCATTACA.1","s3r2f.CGTTTCGCTCATTACA.1","Pruritogen receptor enriched","spatialseq_DF"
"s5r2f.GCCTTCAGCCCTACCG.1","s5r2f.GCCTTCAGCCCTACCG.1","Aß RA LTMRs","spatialseq_DF"
"s3r2f.AGGCCACCCGTTATGA.1","s3r2f.AGGCCACCCGTTATGA.1","Aß RA LTMRs","spatialseq_DF"
"s4r1m.TTGCTCCCATACCGGA.1","s4r1m.TTGCTCCCATACCGGA.1","PENK+ nociceptors","spatialseq_DF"
"s5r1f.ATAGGTTGGGCAGATG.1","s5r1f.ATAGGTTGGGCAGATG.1","Cold nociceptors","spatialseq_DF"
"s8r2m.GGGTCACCGTGACGGT.1","s8r2m.GGGTCACCGTGACGGT.1","PENK+ nociceptors","spatialseq_DF"
"s2r1m.TTATCCGGGATCTATA.1","s2r1m.TTATCCGGGATCTATA.1","TRPA1+ nociceptors","spatialseq_DF"
"s3r2f.ATTAATTCGGTCACTC.1","s3r2f.ATTAATTCGGTCACTC.1","Aß RA LTMRs","spatialseq_DF"
"s7r1f.GGTATAGTGACACATA.1","s7r1f.GGTATAGTGACACATA.1","Aß RA LTMRs","spatialseq_DF"
"s2r1m.TAGCCATTTCAAAGTC.1","s2r1m.TAGCCATTTCAAAGTC.1","Pruritogen receptor enriched","spatialseq_DF"
"s8r2m.GACTAAGATCATGCAC.1","s8r2m.GACTAAGATCATGCAC.1","Pruritogen receptor enriched","spatialseq_DF"
"s5r2f.TATGCTCCCTACTTAC.1","s5r2f.TATGCTCCCTACTTAC.1","Cold nociceptors","spatialseq_DF"
"s3r2f.TTGCACAATTCAGAAA.1","s3r2f.TTGCACAATTCAGAAA.1","TRPA1+ nociceptors","spatialseq_DF"
"s3r1f.CAGTACATTCTCTAAA.1","s3r1f.CAGTACATTCTCTAAA.1","Ad LTMRs","spatialseq_DF"
"s8r1m.AACAGGTAGTATGGAT.1","s8r1m.AACAGGTAGTATGGAT.1","TRPA1+ nociceptors","spatialseq_DF"
"s5r2f.TTGACATGAACGTGGA.1","s5r2f.TTGACATGAACGTGGA.1","Pruritogen receptor enriched","spatialseq_DF"
"s1r2f.AAGCTCGTGCCAAGTC.1","s1r2f.AAGCTCGTGCCAAGTC.1","Cold nociceptors","spatialseq_DF"
"s1r2f.TGGTCTGTTGGGCGTA.1","s1r2f.TGGTCTGTTGGGCGTA.1","Cold nociceptors","spatialseq_DF"
"s7r1f.CAAGGATCGCATGTTC.1","s7r1f.CAAGGATCGCATGTTC.1","Aß SA LTMRs","spatialseq_DF"
"s1r2f.GACTACAATTGCTCGT.1","s1r2f.GACTACAATTGCTCGT.1","Aß SA LTMRs","spatialseq_DF"
"s1r2f.TTGGTTGCGGTGCGCG.1","s1r2f.TTGGTTGCGGTGCGCG.1","Aß RA LTMRs","spatialseq_DF"
"s5r2f.CTAACCGCGCGCCCGT.1","s5r2f.CTAACCGCGCGCCCGT.1","PENK+ nociceptors","spatialseq_DF"
"s7r1f.AATAGCTACCGCGTGC.1","s7r1f.AATAGCTACCGCGTGC.1","Aß SA LTMRs","spatialseq_DF"
"s3r1f.TTGTGTATGCCACCAA.1","s3r1f.TTGTGTATGCCACCAA.1","PENK+ nociceptors","spatialseq_DF"
"s7r1f.TCGGTCCCTGACTCCA.1","s7r1f.TCGGTCCCTGACTCCA.1","Ad LTMRs","spatialseq_DF"
"s3r1f.GAGAGGTGCATTCTGG.1","s3r1f.GAGAGGTGCATTCTGG.1","Aß SA LTMRs","spatialseq_DF"
"s4r2m.TATCTACCACAGCGGG.1","s4r2m.TATCTACCACAGCGGG.1","Ad HTMRs","spatialseq_DF"
"s7r1f.ACGATACATAGAACTA.1","s7r1f.ACGATACATAGAACTA.1","TRPA1+ nociceptors","spatialseq_DF"
"s7r1f.ATGCCGGTTGATGGGA.1","s7r1f.ATGCCGGTTGATGGGA.1","TRPA1+ nociceptors","spatialseq_DF"
"s3r1f.TACGCTATAGAAACCT.1","s3r1f.TACGCTATAGAAACCT.1","Putative C-LTMRs","spatialseq_DF"
"s6r2m.GGGTGTTTCAGCTATG.1","s6r2m.GGGTGTTTCAGCTATG.1","Aß SA LTMRs","spatialseq_DF"
"s5r1f.AACCAAGACTTCTCTG.1","s5r1f.AACCAAGACTTCTCTG.1","Aß SA LTMRs","spatialseq_DF"
"s5r2f.TTGGATTGGGTACCAC.1","s5r2f.TTGGATTGGGTACCAC.1","Putative silent nociceptors","spatialseq_DF"
"s6r2m.CTAGTGAAGGACAGGA.1","s6r2m.CTAGTGAAGGACAGGA.1","Putative silent nociceptors","spatialseq_DF"
"s7r1f.ATGACGCCGGCTCTAA.1","s7r1f.ATGACGCCGGCTCTAA.1","TRPA1+ nociceptors","spatialseq_DF"
"s4r2m.ATATCTTAGGGCCTTC.1","s4r2m.ATATCTTAGGGCCTTC.1","Cold nociceptors","spatialseq_DF"
"s3r2f.TAACCGCCCGCAGTGC.1","s3r2f.TAACCGCCCGCAGTGC.1","Aß nociceptors","spatialseq_DF"
"s6r2m.AGGGTTTAGTTCGGGA.1","s6r2m.AGGGTTTAGTTCGGGA.1","PENK+ nociceptors","spatialseq_DF"
"s2r2m.CACACGCGCTGTCTTA.1","s2r2m.CACACGCGCTGTCTTA.1","Aß SA LTMRs","spatialseq_DF"
"s4r1m.CGTTTCGCTCATTACA.1","s4r1m.CGTTTCGCTCATTACA.1","Ad HTMRs","spatialseq_DF"
"s7r1f.ACGCGCTACACAGGGT.1","s7r1f.ACGCGCTACACAGGGT.1","PENK+ nociceptors","spatialseq_DF"
"s8r2m.GCGGAGAGGGAGAACG.1","s8r2m.GCGGAGAGGGAGAACG.1","Aß RA LTMRs","spatialseq_DF"
"s6r2m.CAACTATATCGAATGC.1","s6r2m.CAACTATATCGAATGC.1","Putative silent nociceptors","spatialseq_DF"
"s4r2m.GGATCCGGAATATACT.1","s4r2m.GGATCCGGAATATACT.1","TRPA1+ nociceptors","spatialseq_DF"
"s8r2m.CGGAGCAATTTAATCG.1","s8r2m.CGGAGCAATTTAATCG.1","Ad HTMRs","spatialseq_DF"
"s2r2m.CGAGCTGGGCTTTAGG.1","s2r2m.CGAGCTGGGCTTTAGG.1","Putative C-LTMRs","spatialseq_DF"
"s7r2f.TATATTCGCGTCGATA.1","s7r2f.TATATTCGCGTCGATA.1","TRPA1+ nociceptors","spatialseq_DF"
"s1r2f.ATATCGTTCCTCGAAC.1","s1r2f.ATATCGTTCCTCGAAC.1","Proprioceptors","spatialseq_DF"
"s5r2f.CACGCAGCGAGGCTTT.1","s5r2f.CACGCAGCGAGGCTTT.1","Putative silent nociceptors","spatialseq_DF"
"s2r2m.CGTTAATGTCCCGACG.1","s2r2m.CGTTAATGTCCCGACG.1","PENK+ nociceptors","spatialseq_DF"
"s2r1m.GTCTATTGGTTCCGGT.1","s2r1m.GTCTATTGGTTCCGGT.1","Ad HTMRs","spatialseq_DF"
"s3r2f.GTCGTACCATCTCGGG.1","s3r2f.GTCGTACCATCTCGGG.1","Aß SA LTMRs","spatialseq_DF"
"s5r1f.CAAATCTCTCACAAGG.1","s5r1f.CAAATCTCTCACAAGG.1","Aß nociceptors","spatialseq_DF"
"s1r2f.CATAGTAGCATAGTAG.1","s1r2f.CATAGTAGCATAGTAG.1","Proprioceptors","spatialseq_DF"
"s7r2f.CTATCGGGTCTCAACA.1","s7r2f.CTATCGGGTCTCAACA.1","TRPA1+ nociceptors","spatialseq_DF"
"s6r2m.GGAACTTTGGCGATTA.1","s6r2m.GGAACTTTGGCGATTA.1","PENK+ nociceptors","spatialseq_DF"
"s7r1f.GCAGCACACAGCCCAG.1","s7r1f.GCAGCACACAGCCCAG.1","PENK+ nociceptors","spatialseq_DF"
"s6r2m.AACTCTCAGTGTGCTC.1","s6r2m.AACTCTCAGTGTGCTC.1","Aß RA LTMRs","spatialseq_DF"
"s2r1m.ACCGGGCCTTTGTTGA.1","s2r1m.ACCGGGCCTTTGTTGA.1","Aß nociceptors","spatialseq_DF"
"s5r2f.TCAGGGTGTAACGTAA.1","s5r2f.TCAGGGTGTAACGTAA.1","Putative silent nociceptors","spatialseq_DF"
"s4r2m.CTTGTACTTGTTGACT.1","s4r2m.CTTGTACTTGTTGACT.1","PENK+ nociceptors","spatialseq_DF"
"s4r2m.CCTGTCACCCGGGCTC.1","s4r2m.CCTGTCACCCGGGCTC.1","TRPA1+ nociceptors","spatialseq_DF"
"s8r2m.GCTTCCGTCCCTAGAC.1","s8r2m.GCTTCCGTCCCTAGAC.1","Pruritogen receptor enriched","spatialseq_DF"
"s5r1f.AATATCAAGGTCGGAT.1","s5r1f.AATATCAAGGTCGGAT.1","Aß SA LTMRs","spatialseq_DF"
"s8r1m.TCACGTGCCCGATTCA.1","s8r1m.TCACGTGCCCGATTCA.1","Cold nociceptors","spatialseq_DF"
"s6r2m.CGCTCTCCGTAGATTA.1","s6r2m.CGCTCTCCGTAGATTA.1","Aß RA LTMRs","spatialseq_DF"
"s3r2f.TATCCGCACCGTCGGG.1","s3r2f.TATCCGCACCGTCGGG.1","Aß SA LTMRs","spatialseq_DF"
"s4r2m.TCAACATAGCGCCCTA.1","s4r2m.TCAACATAGCGCCCTA.1","Proprioceptors","spatialseq_DF"
"s4r2m.TCTTCCCATGGGCACA.1","s4r2m.TCTTCCCATGGGCACA.1","Aß SA LTMRs","spatialseq_DF"
"s5r1f.ACTGTACGATACACAT.1","s5r1f.ACTGTACGATACACAT.1","TRPA1+ nociceptors","spatialseq_DF"
"s7r2f.TTACGGATGGTTCGAG.1","s7r2f.TTACGGATGGTTCGAG.1","Aß SA LTMRs","spatialseq_DF"
"s1r1f.TACGACTGCCTCTTAG.1","s1r1f.TACGACTGCCTCTTAG.1","Aß RA LTMRs","spatialseq_DF"
"s7r1f.CCGACAAAGGGAGTGC.1","s7r1f.CCGACAAAGGGAGTGC.1","Aß SA LTMRs","spatialseq_DF"
"s5r1f.TTGTATCACACAGAAT.1","s5r1f.TTGTATCACACAGAAT.1","Pruritogen receptor enriched","spatialseq_DF"
"s5r2f.TTAAGGCCCGTACTTT.1","s5r2f.TTAAGGCCCGTACTTT.1","Ad LTMRs","spatialseq_DF"
"s7r2f.GATATCTCATGCAATA.1","s7r2f.GATATCTCATGCAATA.1","Aß SA LTMRs","spatialseq_DF"
"s7r1f.TCCTACATCCACGGCC.1","s7r1f.TCCTACATCCACGGCC.1","Ad HTMRs","spatialseq_DF"
"s3r2f.TTGTCGTTCAGTTACC.1","s3r2f.TTGTCGTTCAGTTACC.1","TRPA1+ nociceptors","spatialseq_DF"
"s2r1m.ACCCGGATGACGCATC.1","s2r1m.ACCCGGATGACGCATC.1","Putative C-LTMRs","spatialseq_DF"
"s2r1m.TTATCTGTATCATAAC.1","s2r1m.TTATCTGTATCATAAC.1","Putative C-LTMRs","spatialseq_DF"
"s3r2f.AAATTAACGGGTAGCT.1","s3r2f.AAATTAACGGGTAGCT.1","Aß RA LTMRs","spatialseq_DF"
"s6r1m.GGTGCTGATCACAAAG.1","s6r1m.GGTGCTGATCACAAAG.1","TRPA1+ nociceptors","spatialseq_DF"
"s5r2f.GCATCCCTAACTTTGA.1","s5r2f.GCATCCCTAACTTTGA.1","Aß SA LTMRs","spatialseq_DF"
"s1r2f.TTCTGCCGCGCCTAGA.1","s1r2f.TTCTGCCGCGCCTAGA.1","Pruritogen receptor enriched","spatialseq_DF"
"s2r1m.CACCGCCAGAAGGTTT.1","s2r1m.CACCGCCAGAAGGTTT.1","Ad HTMRs","spatialseq_DF"
"s2r2m.CTGCTGAGGCCACGAA.1","s2r2m.CTGCTGAGGCCACGAA.1","TRPA1+ nociceptors","spatialseq_DF"
"s7r1f.CTGGGTAGGCAGTTAA.1","s7r1f.CTGGGTAGGCAGTTAA.1","Aß SA LTMRs","spatialseq_DF"
"s6r2m.TCTACCGTCCACAAGC.1","s6r2m.TCTACCGTCCACAAGC.1","Ad HTMRs","spatialseq_DF"
"s3r1f.TGTGTAGTAGCACGTG.1","s3r1f.TGTGTAGTAGCACGTG.1","PENK+ nociceptors","spatialseq_DF"
"s5r2f.CTTCGTAGATAGGTGA.1","s5r2f.CTTCGTAGATAGGTGA.1","Cold nociceptors","spatialseq_DF"
"s2r1m.TTGAATTCACGTGAGG.1","s2r1m.TTGAATTCACGTGAGG.1","Aß RA LTMRs","spatialseq_DF"
"s5r2f.TGTAATGACCACAATA.1","s5r2f.TGTAATGACCACAATA.1","Cold nociceptors","spatialseq_DF"
"s2r2m.CATTATGCTTGTTGTG.1","s2r2m.CATTATGCTTGTTGTG.1","Aß SA LTMRs","spatialseq_DF"
"s1r2f.ACCAAGAACGCGTGTC.1","s1r2f.ACCAAGAACGCGTGTC.1","Aß SA LTMRs","spatialseq_DF"
"s8r1m.CTCATTGCTCTAACAA.1","s8r1m.CTCATTGCTCTAACAA.1","PENK+ nociceptors","spatialseq_DF"
"s2r1m.ACGGCGACGATGGGAA.1","s2r1m.ACGGCGACGATGGGAA.1","Aß nociceptors","spatialseq_DF"
"s7r2f.TCTCCAACGTAGGTTA.1","s7r2f.TCTCCAACGTAGGTTA.1","TRPA1+ nociceptors","spatialseq_DF"
"s1r2f.ATGTACGATGACGTCG.1","s1r2f.ATGTACGATGACGTCG.1","Ad HTMRs","spatialseq_DF"
"s5r1f.TCGTCACACTGTTAGC.1","s5r1f.TCGTCACACTGTTAGC.1","TRPA1+ nociceptors","spatialseq_DF"
"s5r2f.CCCAAACATGCTGCTC.1","s5r2f.CCCAAACATGCTGCTC.1","Putative C-LTMRs","spatialseq_DF"
"s5r1f.TCAGAACCTCCACAGG.1","s5r1f.TCAGAACCTCCACAGG.1","Ad LTMRs","spatialseq_DF"
"s2r2m.GACACGAGTTAGAGGA.1","s2r2m.GACACGAGTTAGAGGA.1","Aß RA LTMRs","spatialseq_DF"
"s4r2m.TCACCGCTCGGCACTC.1","s4r2m.TCACCGCTCGGCACTC.1","Aß nociceptors","spatialseq_DF"
"s2r1m.GCGTGGTACTGGGTTA.1","s2r1m.GCGTGGTACTGGGTTA.1","Ad HTMRs","spatialseq_DF"
"s2r1m.ACAACAGCATGAGCTA.1","s2r1m.ACAACAGCATGAGCTA.1","Ad HTMRs","spatialseq_DF"
"s1r1f.CGCCATCCGATTATGA.1","s1r1f.CGCCATCCGATTATGA.1","Ad HTMRs","spatialseq_DF"
"s4r2m.TACCGCGGACTTGCAG.1","s4r2m.TACCGCGGACTTGCAG.1","TRPA1+ nociceptors","spatialseq_DF"
"s2r2m.CGCAATTACTTTCGGT.1","s2r2m.CGCAATTACTTTCGGT.1","Ad LTMRs","spatialseq_DF"
"s4r2m.TCTGAATTCCGTACAA.1","s4r2m.TCTGAATTCCGTACAA.1","Ad HTMRs","spatialseq_DF"
"s4r2m.TTGTTCAGTGTGCTAC.1","s4r2m.TTGTTCAGTGTGCTAC.1","Cold nociceptors","spatialseq_DF"
"s3r1f.GCTAGTTTCATTGAGG.1","s3r1f.GCTAGTTTCATTGAGG.1","Cold nociceptors","spatialseq_DF"
"s5r2f.CTCAGGACTCACCTGT.1","s5r2f.CTCAGGACTCACCTGT.1","Aß SA LTMRs","spatialseq_DF"
"s3r1f.CAAACGGTCGCACTTT.1","s3r1f.CAAACGGTCGCACTTT.1","Aß SA LTMRs","spatialseq_DF"
"s7r2f.TTGTATCACACAGAAT.1","s7r2f.TTGTATCACACAGAAT.1","Aß RA LTMRs","spatialseq_DF"
"s5r2f.TGGTAAGCAGGATTGA.1","s5r2f.TGGTAAGCAGGATTGA.1","Ad HTMRs","spatialseq_DF"
"s7r2f.TAAAGAGCCCGAAACC.1","s7r2f.TAAAGAGCCCGAAACC.1","Aß RA LTMRs","spatialseq_DF"
"s5r2f.CCAGTCTAGACGGCGC.1","s5r2f.CCAGTCTAGACGGCGC.1","Aß SA LTMRs","spatialseq_DF"
"s7r1f.TACGCAGTTCTTTCCT.1","s7r1f.TACGCAGTTCTTTCCT.1","TRPA1+ nociceptors","spatialseq_DF"
"s5r1f.ACGGAGCGCAAATTAC.1","s5r1f.ACGGAGCGCAAATTAC.1","Aß nociceptors","spatialseq_DF"
"s2r2m.AGTGGCGTCTGAAGGT.1","s2r2m.AGTGGCGTCTGAAGGT.1","TRPA1+ nociceptors","spatialseq_DF"
"s1r2f.TTGTGAGGCATGACGC.1","s1r2f.TTGTGAGGCATGACGC.1","Aß SA LTMRs","spatialseq_DF"
"s8r2m.TGGTCTGTTGGGCGTA.1","s8r2m.TGGTCTGTTGGGCGTA.1","Aß SA LTMRs","spatialseq_DF"
"s6r1m.TATAAGTGAGGATAGC.1","s6r1m.TATAAGTGAGGATAGC.1","Aß RA LTMRs","spatialseq_DF"
"s4r2m.ACCTAATCGACTTCCT.1","s4r2m.ACCTAATCGACTTCCT.1","Ad HTMRs","spatialseq_DF"
"s7r1f.CAATGCGAGAAGTATC.1","s7r1f.CAATGCGAGAAGTATC.1","TRPA1+ nociceptors","spatialseq_DF"
"s7r2f.TGCTATACAAACGGAC.1","s7r2f.TGCTATACAAACGGAC.1","PENK+ nociceptors","spatialseq_DF"
"s7r1f.TCACAGGTTATTGGGC.1","s7r1f.TCACAGGTTATTGGGC.1","PENK+ nociceptors","spatialseq_DF"
"s1r1f.AACAGCTGTGTGGCAA.1","s1r1f.AACAGCTGTGTGGCAA.1","Ad HTMRs","spatialseq_DF"
"s6r1m.ATATAAATGTAGCTGC.1","s6r1m.ATATAAATGTAGCTGC.1","Putative C-LTMRs","spatialseq_DF"
"s5r1f.TTATCGCCTGCGAAGC.1","s5r1f.TTATCGCCTGCGAAGC.1","Aß RA LTMRs","spatialseq_DF"
"s1r2f.TTGCCGCTTTCTAGTA.1","s1r2f.TTGCCGCTTTCTAGTA.1","Cold nociceptors","spatialseq_DF"
"s7r2f.AAATAGGGTGCTATTG.1","s7r2f.AAATAGGGTGCTATTG.1","Aß RA LTMRs","spatialseq_DF"
"s7r2f.TAGACGCCCGTACCGG.1","s7r2f.TAGACGCCCGTACCGG.1","TRPA1+ nociceptors","spatialseq_DF"
"s4r2m.CTTCATTGTCAGTGGA.1","s4r2m.CTTCATTGTCAGTGGA.1","TRPA1+ nociceptors","spatialseq_DF"
"s1r2f.TGCGAATATGGGATTT.1","s1r2f.TGCGAATATGGGATTT.1","Aß SA LTMRs","spatialseq_DF"
"s1r2f.GTTGTCGTGTTAGTTG.1","s1r2f.GTTGTCGTGTTAGTTG.1","Aß SA LTMRs","spatialseq_DF"
"s5r1f.TAATATTGAAATTCGC.1","s5r1f.TAATATTGAAATTCGC.1","TRPA1+ nociceptors","spatialseq_DF"
"s3r2f.ATATAAAGCGCTCGTG.1","s3r2f.ATATAAAGCGCTCGTG.1","PENK+ nociceptors","spatialseq_DF"
"s4r2m.GCCTCCGACAATTCAC.1","s4r2m.GCCTCCGACAATTCAC.1","Ad HTMRs","spatialseq_DF"
"s8r2m.GGGTTAACATTTGAGT.1","s8r2m.GGGTTAACATTTGAGT.1","Ad HTMRs","spatialseq_DF"
"s7r1f.AGCTCCTTCGCACATC.1","s7r1f.AGCTCCTTCGCACATC.1","Cold nociceptors","spatialseq_DF"
"s8r2m.CGCGACCGCGACAGAT.1","s8r2m.CGCGACCGCGACAGAT.1","Cold nociceptors","spatialseq_DF"
"s8r2m.GTTCGCCATAAGTGCC.1","s8r2m.GTTCGCCATAAGTGCC.1","PENK+ nociceptors","spatialseq_DF"
"s2r1m.TGATCAGGGAACTGCT.1","s2r1m.TGATCAGGGAACTGCT.1","Putative silent nociceptors","spatialseq_DF"
"s8r1m.TTGAGTCCCGCTGCTG.1","s8r1m.TTGAGTCCCGCTGCTG.1","PENK+ nociceptors","spatialseq_DF"
"s4r1m.CAGCCTCCTGCAGAGG.1","s4r1m.CAGCCTCCTGCAGAGG.1","Aß RA LTMRs","spatialseq_DF"
"s1r1f.TTCCGCGTGAGGCGAT.1","s1r1f.TTCCGCGTGAGGCGAT.1","Aß RA LTMRs","spatialseq_DF"
"s3r1f.TTAGCTCTGTAATCCG.1","s3r1f.TTAGCTCTGTAATCCG.1","Cold nociceptors","spatialseq_DF"
"s1r2f.TTAGTTATTCGTGGCA.1","s1r2f.TTAGTTATTCGTGGCA.1","Putative C-LTMRs","spatialseq_DF"
"s2r1m.CTCTCTAACTGCCTAG.1","s2r1m.CTCTCTAACTGCCTAG.1","TRPA1+ nociceptors","spatialseq_DF"
"s6r2m.CGCAAACACGAGTTAC.1","s6r2m.CGCAAACACGAGTTAC.1","Aß SA LTMRs","spatialseq_DF"
"s8r2m.CCGGCACGACCGTTTC.1","s8r2m.CCGGCACGACCGTTTC.1","TRPA1+ nociceptors","spatialseq_DF"
"s8r1m.AAGCATACTCTCCTGA.1","s8r1m.AAGCATACTCTCCTGA.1","Aß RA LTMRs","spatialseq_DF"
"s3r2f.TCGTTAGGAGTCCCTA.1","s3r2f.TCGTTAGGAGTCCCTA.1","Cold nociceptors","spatialseq_DF"
"s3r2f.CCGCATGTGGTACGAT.1","s3r2f.CCGCATGTGGTACGAT.1","TRPA1+ nociceptors","spatialseq_DF"
"s3r1f.GGGTCGTGGCAAGTGT.1","s3r1f.GGGTCGTGGCAAGTGT.1","PENK+ nociceptors","spatialseq_DF"
"s6r2m.CATGTAAGAGACATTT.1","s6r2m.CATGTAAGAGACATTT.1","Aß RA LTMRs","spatialseq_DF"
"s3r2f.AGTTTCGCAGGTCGGA.1","s3r2f.AGTTTCGCAGGTCGGA.1","Pruritogen receptor enriched","spatialseq_DF"
"s3r1f.GTAAGCGGGCAGTCAG.1","s3r1f.GTAAGCGGGCAGTCAG.1","Ad HTMRs","spatialseq_DF"
"s8r2m.TCGCGTCCAGAAGGTC.1","s8r2m.TCGCGTCCAGAAGGTC.1","Aß SA LTMRs","spatialseq_DF"
"s7r1f.CTTGTGAGTCTTTGAC.1","s7r1f.CTTGTGAGTCTTTGAC.1","Aß SA LTMRs","spatialseq_DF"
"s6r2m.GTGCCATCACACGGTG.1","s6r2m.GTGCCATCACACGGTG.1","Ad HTMRs","spatialseq_DF"
"s8r1m.TTCTGCTAGACTCCAA.1","s8r1m.TTCTGCTAGACTCCAA.1","Cold nociceptors","spatialseq_DF"
"s1r1f.CATAAGAAGCTTGGCT.1","s1r1f.CATAAGAAGCTTGGCT.1","Ad HTMRs","spatialseq_DF"
"s7r2f.TCGCTCGATATATTCC.1","s7r2f.TCGCTCGATATATTCC.1","Aß SA LTMRs","spatialseq_DF"
"s6r2m.ACACACCAGGACCAGT.1","s6r2m.ACACACCAGGACCAGT.1","Pruritogen receptor enriched","spatialseq_DF"
"s5r1f.GAAACTCTAATGAAGG.1","s5r1f.GAAACTCTAATGAAGG.1","Aß RA LTMRs","spatialseq_DF"
"s8r2m.GCCCGTAATACCTTCT.1","s8r2m.GCCCGTAATACCTTCT.1","TRPA1+ nociceptors","spatialseq_DF"
"s5r2f.TAACATACACGCGATC.1","s5r2f.TAACATACACGCGATC.1","Aß SA LTMRs","spatialseq_DF"
"s6r2m.GTACGAGATTGCGACA.1","s6r2m.GTACGAGATTGCGACA.1","Aß SA LTMRs","spatialseq_DF"
"s7r1f.CTCTGTTTGAGGATTC.1","s7r1f.CTCTGTTTGAGGATTC.1","Aß RA LTMRs","spatialseq_DF"
"s6r2m.CATGGTTTATTAATCA.1","s6r2m.CATGGTTTATTAATCA.1","Ad HTMRs","spatialseq_DF"
"s5r1f.TCCGTTTAGCCTTGAA.1","s5r1f.TCCGTTTAGCCTTGAA.1","Cold nociceptors","spatialseq_DF"
"s3r1f.CCGATCTCAACCTTAT.1","s3r1f.CCGATCTCAACCTTAT.1","Aß RA LTMRs","spatialseq_DF"
"s1r1f.ACATCGTATGCAATGG.1","s1r1f.ACATCGTATGCAATGG.1","TRPA1+ nociceptors","spatialseq_DF"
"s1r1f.GGCTTTCAATAAGGGT.1","s1r1f.GGCTTTCAATAAGGGT.1","Pruritogen receptor enriched","spatialseq_DF"
"s4r2m.TACGGAAGCCAAACCA.1","s4r2m.TACGGAAGCCAAACCA.1","Aß RA LTMRs","spatialseq_DF"
"s3r1f.TTGTGCAGCCACGTCA.1","s3r1f.TTGTGCAGCCACGTCA.1","Cold nociceptors","spatialseq_DF"
"s1r2f.GAATATTCGGAGTCCC.1","s1r2f.GAATATTCGGAGTCCC.1","Proprioceptors","spatialseq_DF"
"s2r1m.CCGATTCGAGGGACCC.1","s2r1m.CCGATTCGAGGGACCC.1","Aß SA LTMRs","spatialseq_DF"
"s3r2f.TACATAGGCATACACC.1","s3r2f.TACATAGGCATACACC.1","TRPA1+ nociceptors","spatialseq_DF"
"s8r1m.ATACTACCCGTACCAC.1","s8r1m.ATACTACCCGTACCAC.1","Aß SA LTMRs","spatialseq_DF"
"s8r2m.ATTAAACATGCGGACC.1","s8r2m.ATTAAACATGCGGACC.1","PENK+ nociceptors","spatialseq_DF"
"s3r1f.GCCATCGATGCTGCAT.1","s3r1f.GCCATCGATGCTGCAT.1","Aß RA LTMRs","spatialseq_DF"
"s7r2f.TATTTAGTCTAGATCG.1","s7r2f.TATTTAGTCTAGATCG.1","Aß SA LTMRs","spatialseq_DF"
"s8r2m.GGCGCAGGACATCTTC.1","s8r2m.GGCGCAGGACATCTTC.1","Aß RA LTMRs","spatialseq_DF"
"s4r2m.TTCTGACCGGGCTCAA.1","s4r2m.TTCTGACCGGGCTCAA.1","TRPA1+ nociceptors","spatialseq_DF"
"s7r1f.AGATGACTCGCCCACG.1","s7r1f.AGATGACTCGCCCACG.1","Cold nociceptors","spatialseq_DF"
"s3r2f.ACCAGGAGTGTGATCT.1","s3r2f.ACCAGGAGTGTGATCT.1","Aß RA LTMRs","spatialseq_DF"
"s6r2m.ATTAGATTCCTCAGCA.1","s6r2m.ATTAGATTCCTCAGCA.1","Aß SA LTMRs","spatialseq_DF"
"s1r1f.ACATAATAAGGCGGTG.1","s1r1f.ACATAATAAGGCGGTG.1","Ad HTMRs","spatialseq_DF"
"s7r1f.AGTCCATTGGCTGATG.1","s7r1f.AGTCCATTGGCTGATG.1","Pruritogen receptor enriched","spatialseq_DF"
"s7r2f.GAACCATCTGGGAGAC.1","s7r2f.GAACCATCTGGGAGAC.1","PENK+ nociceptors","spatialseq_DF"
"s7r1f.TTAACGAACAAGCAGT.1","s7r1f.TTAACGAACAAGCAGT.1","Aß RA LTMRs","spatialseq_DF"
"s8r1m.CTGAGAAAGTTCGGCG.1","s8r1m.CTGAGAAAGTTCGGCG.1","Aß SA LTMRs","spatialseq_DF"
"s3r1f.CTAACCGCGCGCCCGT.1","s3r1f.CTAACCGCGCGCCCGT.1","Cold nociceptors","spatialseq_DF"
"s3r2f.GGGTCACCGTGACGGT.1","s3r2f.GGGTCACCGTGACGGT.1","Ad HTMRs","spatialseq_DF"
"s4r2m.TAAGGCATAACATCAA.1","s4r2m.TAAGGCATAACATCAA.1","Ad LTMRs","spatialseq_DF"
"s8r1m.GCCGATTGGCCAAGCT.1","s8r1m.GCCGATTGGCCAAGCT.1","Aß SA LTMRs","spatialseq_DF"
"s7r1f.TCTGGCCGTTCAAGTT.1","s7r1f.TCTGGCCGTTCAAGTT.1","Aß RA LTMRs","spatialseq_DF"
"s5r1f.ATGGATCCGGCGTCCG.1","s5r1f.ATGGATCCGGCGTCCG.1","Cold nociceptors","spatialseq_DF"
"s2r1m.ATGGATCCGGCGTCCG.1","s2r1m.ATGGATCCGGCGTCCG.1","TRPA1+ nociceptors","spatialseq_DF"
"s8r1m.TCAGACGCTATAGAAG.1","s8r1m.TCAGACGCTATAGAAG.1","Pruritogen receptor enriched","spatialseq_DF"
"s3r2f.TGGTTCGTAGCAAAGG.1","s3r2f.TGGTTCGTAGCAAAGG.1","Ad HTMRs","spatialseq_DF"
"s2r1m.CAAAGATTATTGGGCC.1","s2r1m.CAAAGATTATTGGGCC.1","Ad HTMRs","spatialseq_DF"
"s3r1f.TCCCGTCGCGTCATAG.1","s3r1f.TCCCGTCGCGTCATAG.1","Aß SA LTMRs","spatialseq_DF"
"s7r2f.ATCAATCTGGGCTGCA.1","s7r2f.ATCAATCTGGGCTGCA.1","Aß RA LTMRs","spatialseq_DF"
"s3r2f.GGGCCCGTCTTAAACA.1","s3r2f.GGGCCCGTCTTAAACA.1","Cold nociceptors","spatialseq_DF"
"s6r2m.TCTCGACGTATCGCCG.1","s6r2m.TCTCGACGTATCGCCG.1","Putative C-LTMRs","spatialseq_DF"
"s3r1f.AGATAACTTCAGGGCC.1","s3r1f.AGATAACTTCAGGGCC.1","TRPA1+ nociceptors","spatialseq_DF"
"s5r1f.GTGGAACCTACATGCG.1","s5r1f.GTGGAACCTACATGCG.1","Ad HTMRs","spatialseq_DF"
"s2r1m.CACCTTGCGAAACTCG.1","s2r1m.CACCTTGCGAAACTCG.1","Pruritogen receptor enriched","spatialseq_DF"
"s7r2f.AATCCAAGGGCCTGAG.1","s7r2f.AATCCAAGGGCCTGAG.1","Aß RA LTMRs","spatialseq_DF"
"s3r1f.TCACGTGCCCGATTCA.1","s3r1f.TCACGTGCCCGATTCA.1","Pruritogen receptor enriched","spatialseq_DF"
"s3r2f.AACTTTAGCTGCTGAG.1","s3r2f.AACTTTAGCTGCTGAG.1","Aß RA LTMRs","spatialseq_DF"
"s4r1m.CGCCTCCCTCCTCTAT.1","s4r1m.CGCCTCCCTCCTCTAT.1","Ad HTMRs","spatialseq_DF"
"s7r2f.GTTGCGCTAACATTAC.1","s7r2f.GTTGCGCTAACATTAC.1","TRPA1+ nociceptors","spatialseq_DF"
"s3r2f.ACGCATTCGTGAGTAC.1","s3r2f.ACGCATTCGTGAGTAC.1","Aß SA LTMRs","spatialseq_DF"
"s2r2m.GATAAATCGGTGGATG.1","s2r2m.GATAAATCGGTGGATG.1","Ad LTMRs","spatialseq_DF"
"s2r2m.AATCTGCGTTGGGACG.1","s2r2m.AATCTGCGTTGGGACG.1","Aß SA LTMRs","spatialseq_DF"
"s8r1m.ATAAGGTGGAGAACAT.1","s8r1m.ATAAGGTGGAGAACAT.1","Proprioceptors","spatialseq_DF"
"s3r2f.TGGCGATCAAGTTATG.1","s3r2f.TGGCGATCAAGTTATG.1","Aß RA LTMRs","spatialseq_DF"
"s6r1m.TACCTTAAGATTTCCC.1","s6r1m.TACCTTAAGATTTCCC.1","Aß RA LTMRs","spatialseq_DF"
"s7r1f.ACTTATACTTACCCGG.1","s7r1f.ACTTATACTTACCCGG.1","Aß RA LTMRs","spatialseq_DF"
"s4r1m.AGAACGTGGTACATTC.1","s4r1m.AGAACGTGGTACATTC.1","Aß RA LTMRs","spatialseq_DF"
"s5r1f.ATGTGAAAGCCTAATG.1","s5r1f.ATGTGAAAGCCTAATG.1","Aß RA LTMRs","spatialseq_DF"
"s5r1f.AAACCTCATGAAGTTG.1","s5r1f.AAACCTCATGAAGTTG.1","PENK+ nociceptors","spatialseq_DF"
"s6r2m.CTGCAAGCACGTTCCG.1","s6r2m.CTGCAAGCACGTTCCG.1","Cold nociceptors","spatialseq_DF"
"s5r2f.CTTACACGGTATTCCA.1","s5r2f.CTTACACGGTATTCCA.1","Putative C-LTMRs","spatialseq_DF"
"s3r1f.TTAGTTATTCGTGGCA.1","s3r1f.TTAGTTATTCGTGGCA.1","Aß SA LTMRs","spatialseq_DF"
"s5r1f.ACCAGTGCCCGGTCAA.1","s5r1f.ACCAGTGCCCGGTCAA.1","TRPA1+ nociceptors","spatialseq_DF"
"s7r2f.ATATCAACCTACAGAG.1","s7r2f.ATATCAACCTACAGAG.1","Putative silent nociceptors","spatialseq_DF"
"s8r2m.CTAATTCTCAGATATT.1","s8r2m.CTAATTCTCAGATATT.1","Aß RA LTMRs","spatialseq_DF"
"s4r2m.ATAAACGGACCCGTAA.1","s4r2m.ATAAACGGACCCGTAA.1","Ad HTMRs","spatialseq_DF"
"s8r1m.GCTTACGTAGTTAGTA.1","s8r1m.GCTTACGTAGTTAGTA.1","Cold nociceptors","spatialseq_DF"
"s5r1f.TTAAACCGGTAGCGAC.1","s5r1f.TTAAACCGGTAGCGAC.1","Ad LTMRs","spatialseq_DF"
"s6r2m.GGGAAGGGCTTTCTCA.1","s6r2m.GGGAAGGGCTTTCTCA.1","TRPA1+ nociceptors","spatialseq_DF"
"s7r2f.CGTCGGATAGTGTTGA.1","s7r2f.CGTCGGATAGTGTTGA.1","Aß RA LTMRs","spatialseq_DF"
"s3r1f.GGATTGCTGTGACTCC.1","s3r1f.GGATTGCTGTGACTCC.1","Cold nociceptors","spatialseq_DF"
"s8r2m.TTGCTGATCATGTTCG.1","s8r2m.TTGCTGATCATGTTCG.1","Cold nociceptors","spatialseq_DF"
"s5r2f.CATAGCGTTGCCCACC.1","s5r2f.CATAGCGTTGCCCACC.1","Pruritogen receptor enriched","spatialseq_DF"
"s4r2m.GTTAACATCACTTAAA.1","s4r2m.GTTAACATCACTTAAA.1","Aß SA LTMRs","spatialseq_DF"
"s3r2f.CTTAACTTCGAAGTAC.1","s3r2f.CTTAACTTCGAAGTAC.1","Putative silent nociceptors","spatialseq_DF"
"s3r2f.GCCCGATCTGTGGTCG.1","s3r2f.GCCCGATCTGTGGTCG.1","Aß SA LTMRs","spatialseq_DF"
"s3r1f.TCTTGATGCGTAGCGA.1","s3r1f.TCTTGATGCGTAGCGA.1","Ad LTMRs","spatialseq_DF"
"s1r2f.GATTCGACGGTTCACG.1","s1r2f.GATTCGACGGTTCACG.1","Putative C-LTMRs","spatialseq_DF"
"s3r2f.ATCTTGACCTGCAACG.1","s3r2f.ATCTTGACCTGCAACG.1","TRPA1+ nociceptors","spatialseq_DF"
"s1r1f.TACCAAATAGCCCAGA.1","s1r1f.TACCAAATAGCCCAGA.1","TRPA1+ nociceptors","spatialseq_DF"
"s8r2m.GCTAGAGTAGAGATGT.1","s8r2m.GCTAGAGTAGAGATGT.1","Cold nociceptors","spatialseq_DF"
"s1r2f.TGCCAATGGGTACTCT.1","s1r2f.TGCCAATGGGTACTCT.1","Ad HTMRs","spatialseq_DF"
"s2r2m.AGCTGTAACCTCAATC.1","s2r2m.AGCTGTAACCTCAATC.1","Ad HTMRs","spatialseq_DF"
"s3r2f.TCGAGACCAACACCGT.1","s3r2f.TCGAGACCAACACCGT.1","TRPA1+ nociceptors","spatialseq_DF"
"s2r2m.GAAAGTGACTAACTGC.1","s2r2m.GAAAGTGACTAACTGC.1","Proprioceptors","spatialseq_DF"
"s5r1f.TACTGCAATCAATTAC.1","s5r1f.TACTGCAATCAATTAC.1","Ad HTMRs","spatialseq_DF"
"s5r2f.GCGGCAAAGTATTGCC.1","s5r2f.GCGGCAAAGTATTGCC.1","Aß RA LTMRs","spatialseq_DF"
"s2r2m.CCATAGGTTGGCGTGG.1","s2r2m.CCATAGGTTGGCGTGG.1","Cold nociceptors","spatialseq_DF"
"s5r2f.CTTCATAGCTCAAGAA.1","s5r2f.CTTCATAGCTCAAGAA.1","Pruritogen receptor enriched","spatialseq_DF"
"s7r2f.CAGAGTGATTTAACGT.1","s7r2f.CAGAGTGATTTAACGT.1","Aß RA LTMRs","spatialseq_DF"
"s8r1m.AAGAGCTCTTTATCGG.1","s8r1m.AAGAGCTCTTTATCGG.1","TRPA1+ nociceptors","spatialseq_DF"
"s2r2m.CATAGTCAAATACATA.1","s2r2m.CATAGTCAAATACATA.1","Pruritogen receptor enriched","spatialseq_DF"
"s7r1f.GTTACAATTGGTGACG.1","s7r1f.GTTACAATTGGTGACG.1","Putative silent nociceptors","spatialseq_DF"
"s7r2f.TTGACCATGTTCTCCG.1","s7r2f.TTGACCATGTTCTCCG.1","TRPA1+ nociceptors","spatialseq_DF"
"s2r2m.CTGTTCATCTCACGGG.1","s2r2m.CTGTTCATCTCACGGG.1","Putative silent nociceptors","spatialseq_DF"
"s2r2m.AGTCAGCCACCGCCTG.1","s2r2m.AGTCAGCCACCGCCTG.1","Aß RA LTMRs","spatialseq_DF"
"s4r2m.CTTGTTGCTGAGTCAA.1","s4r2m.CTTGTTGCTGAGTCAA.1","Pruritogen receptor enriched","spatialseq_DF"
"s7r2f.TTGAGCAGCCCACGGT.1","s7r2f.TTGAGCAGCCCACGGT.1","TRPA1+ nociceptors","spatialseq_DF"
"s7r1f.AAAGTTGACTCCCGTA.1","s7r1f.AAAGTTGACTCCCGTA.1","Ad HTMRs","spatialseq_DF"
"s4r2m.CGCTCTCCGTAGATTA.1","s4r2m.CGCTCTCCGTAGATTA.1","Ad HTMRs","spatialseq_DF"
"s5r2f.CATCCTCTCAAAGATC.1","s5r2f.CATCCTCTCAAAGATC.1","Ad HTMRs","spatialseq_DF"
"s4r2m.GAAACCGAATTACCTT.1","s4r2m.GAAACCGAATTACCTT.1","Putative C-LTMRs","spatialseq_DF"
"s2r2m.CGTCTGGAAGGGCCCG.1","s2r2m.CGTCTGGAAGGGCCCG.1","Aß RA LTMRs","spatialseq_DF"
"s6r1m.ACTTATTTATGTGCCA.1","s6r1m.ACTTATTTATGTGCCA.1","Aß SA LTMRs","spatialseq_DF"
"s5r2f.CCATGCCTGTTTAGTA.1","s5r2f.CCATGCCTGTTTAGTA.1","Putative silent nociceptors","spatialseq_DF"
"s2r1m.TATTCCTCCGCCCACT.1","s2r1m.TATTCCTCCGCCCACT.1","PENK+ nociceptors","spatialseq_DF"
"s7r1f.GGTCTGAGAATCTGGA.1","s7r1f.GGTCTGAGAATCTGGA.1","Aß SA LTMRs","spatialseq_DF"
"s8r2m.GTACGCTTCATTGCAC.1","s8r2m.GTACGCTTCATTGCAC.1","Aß SA LTMRs","spatialseq_DF"
"s6r1m.CGCTCGACATAATGAT.1","s6r1m.CGCTCGACATAATGAT.1","Ad HTMRs","spatialseq_DF"
"s4r2m.CAGAGCATGAGCTTGC.1","s4r2m.CAGAGCATGAGCTTGC.1","Aß SA LTMRs","spatialseq_DF"
"s1r1f.ACCCGTGTCATCAGTA.1","s1r1f.ACCCGTGTCATCAGTA.1","Ad HTMRs","spatialseq_DF"
"s4r2m.CGCCCGCTTCCGTACA.1","s4r2m.CGCCCGCTTCCGTACA.1","Aß SA LTMRs","spatialseq_DF"
"s8r2m.GGGTGTTTCAGCTATG.1","s8r2m.GGGTGTTTCAGCTATG.1","Aß SA LTMRs","spatialseq_DF"
"s4r1m.CCGATCTCAACCTTAT.1","s4r1m.CCGATCTCAACCTTAT.1","Ad HTMRs","spatialseq_DF"
"s8r2m.GTCATGGACATGACTA.1","s8r2m.GTCATGGACATGACTA.1","TRPA1+ nociceptors","spatialseq_DF"
"s2r1m.CTGCTTGGCGATAGCT.1","s2r1m.CTGCTTGGCGATAGCT.1","Aß nociceptors","spatialseq_DF"
"s6r1m.ACTATTTCCGGGCCCA.1","s6r1m.ACTATTTCCGGGCCCA.1","Proprioceptors","spatialseq_DF"
"s3r2f.AATAGTCCGTCCCGAC.1","s3r2f.AATAGTCCGTCCCGAC.1","Aß SA LTMRs","spatialseq_DF"
"s1r2f.GACCGACTGAAGCGTC.1","s1r2f.GACCGACTGAAGCGTC.1","Ad HTMRs","spatialseq_DF"
"s3r1f.GGTACACCAGATTTAT.1","s3r1f.GGTACACCAGATTTAT.1","Aß RA LTMRs","spatialseq_DF"
"s1r2f.AACCCAGAGACGGAGA.1","s1r2f.AACCCAGAGACGGAGA.1","Aß SA LTMRs","spatialseq_DF"
"s8r1m.CGCGCATGTTTGATTG.1","s8r1m.CGCGCATGTTTGATTG.1","Proprioceptors","spatialseq_DF"
"s2r1m.CGCATGGTGCGATGCT.1","s2r1m.CGCATGGTGCGATGCT.1","Cold nociceptors","spatialseq_DF"
"s8r2m.ACCTCCGTTATTCACC.1","s8r2m.ACCTCCGTTATTCACC.1","Aß RA LTMRs","spatialseq_DF"
"s3r1f.CTACTATCTTTCAGAG.1","s3r1f.CTACTATCTTTCAGAG.1","Aß RA LTMRs","spatialseq_DF"
"s2r2m.TATAAATCCACAAGCT.1","s2r2m.TATAAATCCACAAGCT.1","Cold nociceptors","spatialseq_DF"
"s3r1f.CCATTAGCGATAATCC.1","s3r1f.CCATTAGCGATAATCC.1","Putative silent nociceptors","spatialseq_DF"
"s6r2m.GTGCGGGTCTCCAAAT.1","s6r2m.GTGCGGGTCTCCAAAT.1","Aß SA LTMRs","spatialseq_DF"
"s1r2f.AGACCATGGGATACAA.1","s1r2f.AGACCATGGGATACAA.1","Putative C-LTMRs","spatialseq_DF"
"s1r2f.CCACGAATTTAACCTC.1","s1r2f.CCACGAATTTAACCTC.1","PENK+ nociceptors","spatialseq_DF"
"s6r2m.ACGATCATCTTGTAAA.1","s6r2m.ACGATCATCTTGTAAA.1","TRPA1+ nociceptors","spatialseq_DF"
"s3r1f.GCCTCATCTGGAAATA.1","s3r1f.GCCTCATCTGGAAATA.1","Ad HTMRs","spatialseq_DF"
"s3r2f.GGGACTGCATAGATAG.1","s3r2f.GGGACTGCATAGATAG.1","Aß SA LTMRs","spatialseq_DF"
"s6r1m.CTGTTACCCAATCTAG.1","s6r1m.CTGTTACCCAATCTAG.1","Aß RA LTMRs","spatialseq_DF"
"s5r2f.GACTAAGATCATGCAC.1","s5r2f.GACTAAGATCATGCAC.1","Ad LTMRs","spatialseq_DF"
"s1r1f.CCTTCAGTTAAAGTGA.1","s1r1f.CCTTCAGTTAAAGTGA.1","TRPA1+ nociceptors","spatialseq_DF"
"s1r2f.CGGCAGGGTCGGGTTG.1","s1r2f.CGGCAGGGTCGGGTTG.1","Pruritogen receptor enriched","spatialseq_DF"
"s7r2f.GAGATCTGTCACTCCG.1","s7r2f.GAGATCTGTCACTCCG.1","Ad HTMRs","spatialseq_DF"
"s6r1m.GCTACTATAGTAGAGT.1","s6r1m.GCTACTATAGTAGAGT.1","TRPA1+ nociceptors","spatialseq_DF"
"s4r2m.TTGGGACACTGCCCGC.1","s4r2m.TTGGGACACTGCCCGC.1","TRPA1+ nociceptors","spatialseq_DF"
"s7r2f.CGATGGACCCTACGCC.1","s7r2f.CGATGGACCCTACGCC.1","Aß RA LTMRs","spatialseq_DF"
"s4r2m.AGGGTCGATGCGAACT.1","s4r2m.AGGGTCGATGCGAACT.1","TRPA1+ nociceptors","spatialseq_DF"
"s7r1f.AACCAGTATCACTCTT.1","s7r1f.AACCAGTATCACTCTT.1","Aß RA LTMRs","spatialseq_DF"
"s2r2m.ACGGACTCTCAAAGCG.1","s2r2m.ACGGACTCTCAAAGCG.1","TRPA1+ nociceptors","spatialseq_DF"
"s7r1f.CGACACGCTCCGACAG.1","s7r1f.CGACACGCTCCGACAG.1","Aß RA LTMRs","spatialseq_DF"
"s2r2m.TGTCCACGGCTCAACT.1","s2r2m.TGTCCACGGCTCAACT.1","Pruritogen receptor enriched","spatialseq_DF"
"s5r2f.GCGAGGCCCGAGCAGA.1","s5r2f.GCGAGGCCCGAGCAGA.1","PENK+ nociceptors","spatialseq_DF"
"s5r2f.TACTTTCCGCACGCCA.1","s5r2f.TACTTTCCGCACGCCA.1","Aß RA LTMRs","spatialseq_DF"
"s3r1f.GTGCGACAGGGAGTGT.1","s3r1f.GTGCGACAGGGAGTGT.1","TRPA1+ nociceptors","spatialseq_DF"
"s2r2m.AAATGCTCGTTACGTT.1","s2r2m.AAATGCTCGTTACGTT.1","Proprioceptors","spatialseq_DF"
"s2r2m.CAAATTGTCAGCAAGC.1","s2r2m.CAAATTGTCAGCAAGC.1","Aß RA LTMRs","spatialseq_DF"
"s7r1f.TCGGAGTACATGAGTA.1","s7r1f.TCGGAGTACATGAGTA.1","Ad LTMRs","spatialseq_DF"
"s4r2m.TTGAATTCACGTGAGG.1","s4r2m.TTGAATTCACGTGAGG.1","Ad HTMRs","spatialseq_DF"
"s4r2m.TATGGTCTGAGTAACA.1","s4r2m.TATGGTCTGAGTAACA.1","TRPA1+ nociceptors","spatialseq_DF"
"s1r2f.AGGATCACGCGATCTG.1","s1r2f.AGGATCACGCGATCTG.1","TRPA1+ nociceptors","spatialseq_DF"
"s3r1f.CGCTATTCTTAGGCTC.1","s3r1f.CGCTATTCTTAGGCTC.1","Pruritogen receptor enriched","spatialseq_DF"
"s3r2f.TTCTTGTAACCTAATG.1","s3r2f.TTCTTGTAACCTAATG.1","Aß RA LTMRs","spatialseq_DF"
"s8r1m.CGCGACCGCGACAGAT.1","s8r1m.CGCGACCGCGACAGAT.1","Aß SA LTMRs","spatialseq_DF"
"s5r2f.AACTCAAGTTAATTGC.1","s5r2f.AACTCAAGTTAATTGC.1","Cold nociceptors","spatialseq_DF"
"s5r1f.AGCATCATTTCGAAAG.1","s5r1f.AGCATCATTTCGAAAG.1","Aß SA LTMRs","spatialseq_DF"
"s3r1f.GCTACAATCGAGGATA.1","s3r1f.GCTACAATCGAGGATA.1","TRPA1+ nociceptors","spatialseq_DF"
"s6r1m.CTCGGTTGTCGGCCCT.1","s6r1m.CTCGGTTGTCGGCCCT.1","TRPA1+ nociceptors","spatialseq_DF"
"s8r2m.GCTAACTGAAGTCTGA.1","s8r2m.GCTAACTGAAGTCTGA.1","Putative C-LTMRs","spatialseq_DF"
"s6r2m.TCACCCTCTTAAGATT.1","s6r2m.TCACCCTCTTAAGATT.1","Cold nociceptors","spatialseq_DF"
"s5r1f.CAGTACCAGTTTACGT.1","s5r1f.CAGTACCAGTTTACGT.1","Aß SA LTMRs","spatialseq_DF"
"s6r2m.CCAGCCTGGACCAATA.1","s6r2m.CCAGCCTGGACCAATA.1","Proprioceptors","spatialseq_DF"
"s3r1f.ACCGATAGGCATAACC.1","s3r1f.ACCGATAGGCATAACC.1","Aß SA LTMRs","spatialseq_DF"
"s1r2f.TTCGTAATCCCAGCGG.1","s1r2f.TTCGTAATCCCAGCGG.1","Aß RA LTMRs","spatialseq_DF"
"s5r2f.TGATACATTTAGCCGT.1","s5r2f.TGATACATTTAGCCGT.1","Putative silent nociceptors","spatialseq_DF"
"s3r2f.TCAACGAGGAGACAAA.1","s3r2f.TCAACGAGGAGACAAA.1","TRPA1+ nociceptors","spatialseq_DF"
"s3r2f.ACAGGCTTGCCCGACT.1","s3r2f.ACAGGCTTGCCCGACT.1","Aß RA LTMRs","spatialseq_DF"
"s7r1f.TACGGGATGCTAGCAG.1","s7r1f.TACGGGATGCTAGCAG.1","Proprioceptors","spatialseq_DF"
"s6r1m.TTGCTGATCATGTTCG.1","s6r1m.TTGCTGATCATGTTCG.1","Aß SA LTMRs","spatialseq_DF"
"s5r1f.ATTCGACGCCGGGCCT.1","s5r1f.ATTCGACGCCGGGCCT.1","Aß SA LTMRs","spatialseq_DF"
"s3r2f.TATACACAGACGCCTT.1","s3r2f.TATACACAGACGCCTT.1","Aß RA LTMRs","spatialseq_DF"
"s7r2f.TTAATCAGTACGTCAG.1","s7r2f.TTAATCAGTACGTCAG.1","TRPA1+ nociceptors","spatialseq_DF"
"s1r1f.AGTTCCTATTTATGTT.1","s1r1f.AGTTCCTATTTATGTT.1","Aß SA LTMRs","spatialseq_DF"
"s1r1f.CCTGGTCGAATGTGGG.1","s1r1f.CCTGGTCGAATGTGGG.1","Aß nociceptors","spatialseq_DF"
"s4r2m.GTAAGCGGGCAGTCAG.1","s4r2m.GTAAGCGGGCAGTCAG.1","Pruritogen receptor enriched","spatialseq_DF"
"s6r1m.TAAGGCATAACATCAA.1","s6r1m.TAAGGCATAACATCAA.1","Aß SA LTMRs","spatialseq_DF"
"s2r2m.AGGGTGCTCTCGAGGG.1","s2r2m.AGGGTGCTCTCGAGGG.1","Aß RA LTMRs","spatialseq_DF"
"s8r2m.GTCCGGACCTGAAATT.1","s8r2m.GTCCGGACCTGAAATT.1","PENK+ nociceptors","spatialseq_DF"
"s2r1m.AGGGTTCCCTTTGGTT.1","s2r1m.AGGGTTCCCTTTGGTT.1","TRPA1+ nociceptors","spatialseq_DF"
"s4r2m.TAAAGCGTTAGGAGAA.1","s4r2m.TAAAGCGTTAGGAGAA.1","Pruritogen receptor enriched","spatialseq_DF"
"s3r2f.GAAGCTTGCTGACCGC.1","s3r2f.GAAGCTTGCTGACCGC.1","Aß RA LTMRs","spatialseq_DF"
"s6r1m.AAATACCTATAAGCAT.1","s6r1m.AAATACCTATAAGCAT.1","Ad HTMRs","spatialseq_DF"
"s7r1f.CTAGCATAGTATAATG.1","s7r1f.CTAGCATAGTATAATG.1","Pruritogen receptor enriched","spatialseq_DF"
"s1r2f.GCGGGCGAGCCTTACC.1","s1r2f.GCGGGCGAGCCTTACC.1","Aß RA LTMRs","spatialseq_DF"
"s1r2f.CGCATCATGGCTTCAG.1","s1r2f.CGCATCATGGCTTCAG.1","Aß RA LTMRs","spatialseq_DF"
"s6r1m.CTAGTTGGGCCCGGTA.1","s6r1m.CTAGTTGGGCCCGGTA.1","Cold nociceptors","spatialseq_DF"
"s4r2m.TCAAATTGTTGTGCCG.1","s4r2m.TCAAATTGTTGTGCCG.1","Aß RA LTMRs","spatialseq_DF"
"s3r1f.TCAGGTTCTTTGAGAA.1","s3r1f.TCAGGTTCTTTGAGAA.1","Pruritogen receptor enriched","spatialseq_DF"
"s5r1f.GTGAAGCCGTATAGTC.1","s5r1f.GTGAAGCCGTATAGTC.1","TRPA1+ nociceptors","spatialseq_DF"
"s7r2f.GCAACAGCAGTATGCG.1","s7r2f.GCAACAGCAGTATGCG.1","Cold nociceptors","spatialseq_DF"
"s3r1f.GTTGGTCATGCTATCC.1","s3r1f.GTTGGTCATGCTATCC.1","Ad HTMRs","spatialseq_DF"
"s1r1f.ATACTAGCATGACCCT.1","s1r1f.ATACTAGCATGACCCT.1","Cold nociceptors","spatialseq_DF"
"s4r1m.CGGCCACGCACAAAGT.1","s4r1m.CGGCCACGCACAAAGT.1","Ad HTMRs","spatialseq_DF"
"s2r1m.CATTACGTCGGCCCGT.1","s2r1m.CATTACGTCGGCCCGT.1","Pruritogen receptor enriched","spatialseq_DF"
"s2r1m.TCTAAAGAACAGTCTC.1","s2r1m.TCTAAAGAACAGTCTC.1","Cold nociceptors","spatialseq_DF"
"s8r1m.ACCACCAATGTAACAA.1","s8r1m.ACCACCAATGTAACAA.1","Ad HTMRs","spatialseq_DF"
"s1r2f.AGTCGTCGACCACCAA.1","s1r2f.AGTCGTCGACCACCAA.1","Ad HTMRs","spatialseq_DF"
"s5r2f.AAATTACCTATCGATG.1","s5r2f.AAATTACCTATCGATG.1","Aß SA LTMRs","spatialseq_DF"
"s6r1m.TCCTAACCGTCGGGCA.1","s6r1m.TCCTAACCGTCGGGCA.1","Aß SA LTMRs","spatialseq_DF"
"s5r1f.AGGCCCTAGAACGCCA.1","s5r1f.AGGCCCTAGAACGCCA.1","Aß RA LTMRs","spatialseq_DF"
"s4r1m.CACATATTAGCAGGAT.1","s4r1m.CACATATTAGCAGGAT.1","TRPA1+ nociceptors","spatialseq_DF"
"s8r1m.ACTGTACGATACACAT.1","s8r1m.ACTGTACGATACACAT.1","Aß nociceptors","spatialseq_DF"
"s2r1m.CTGGGTTGAGTTAAAG.1","s2r1m.CTGGGTTGAGTTAAAG.1","Aß SA LTMRs","spatialseq_DF"
"s5r2f.GGGATTTACCGCACCT.1","s5r2f.GGGATTTACCGCACCT.1","Ad HTMRs","spatialseq_DF"
"s6r1m.ACAATGAATACGGAGA.1","s6r1m.ACAATGAATACGGAGA.1","Proprioceptors","spatialseq_DF"
"s6r1m.TTCTGCCGCGCCTAGA.1","s6r1m.TTCTGCCGCGCCTAGA.1","Aß RA LTMRs","spatialseq_DF"
"s2r2m.AGCTTCTTCTCGAGCA.1","s2r2m.AGCTTCTTCTCGAGCA.1","Aß SA LTMRs","spatialseq_DF"
"s1r2f.AAATGCTCGTTACGTT.1","s1r2f.AAATGCTCGTTACGTT.1","Aß SA LTMRs","spatialseq_DF"
"s6r1m.CACGTTTCGTACACAC.1","s6r1m.CACGTTTCGTACACAC.1","Ad HTMRs","spatialseq_DF"
"s4r2m.AATTCCAAGCATGTAC.1","s4r2m.AATTCCAAGCATGTAC.1","Aß RA LTMRs","spatialseq_DF"
"s6r2m.CCAGTCTAGACGGCGC.1","s6r2m.CCAGTCTAGACGGCGC.1","Aß SA LTMRs","spatialseq_DF"
"s7r1f.TCACGGTCATCGCACA.1","s7r1f.TCACGGTCATCGCACA.1","Aß SA LTMRs","spatialseq_DF"
"s4r1m.AGATTATAGGACGTTT.1","s4r1m.AGATTATAGGACGTTT.1","Ad HTMRs","spatialseq_DF"
"s2r2m.CAGTAATCCCTCCCAG.1","s2r2m.CAGTAATCCCTCCCAG.1","Aß RA LTMRs","spatialseq_DF"
"s4r2m.TCTCCACAAGTTGAAT.1","s4r2m.TCTCCACAAGTTGAAT.1","Ad HTMRs","spatialseq_DF"
"s2r2m.TATCTACAGAGGTAAT.1","s2r2m.TATCTACAGAGGTAAT.1","Proprioceptors","spatialseq_DF"
"s3r1f.GCGGTGAACTGCGCTC.1","s3r1f.GCGGTGAACTGCGCTC.1","Ad LTMRs","spatialseq_DF"
"s8r1m.GGTTCTACTCGTCTGA.1","s8r1m.GGTTCTACTCGTCTGA.1","PENK+ nociceptors","spatialseq_DF"
"s1r2f.TCAAGGTTACTACACC.1","s1r2f.TCAAGGTTACTACACC.1","Proprioceptors","spatialseq_DF"
"s5r1f.TTAACTTCAGGTAGGA.1","s5r1f.TTAACTTCAGGTAGGA.1","Pruritogen receptor enriched","spatialseq_DF"
"s4r2m.TTGTGTTTCCCGAAAG.1","s4r2m.TTGTGTTTCCCGAAAG.1","Aß nociceptors","spatialseq_DF"
"s2r1m.CACGTTCGTGCTCTAG.1","s2r1m.CACGTTCGTGCTCTAG.1","Aß SA LTMRs","spatialseq_DF"
"s7r2f.AAGCCGAAGCGGTTTA.1","s7r2f.AAGCCGAAGCGGTTTA.1","Ad HTMRs","spatialseq_DF"
"s4r2m.CACACACGCTAACGAG.1","s4r2m.CACACACGCTAACGAG.1","Aß RA LTMRs","spatialseq_DF"
"s5r2f.GGCTCGTGCCACCAGC.1","s5r2f.GGCTCGTGCCACCAGC.1","TRPA1+ nociceptors","spatialseq_DF"
"s7r1f.TTGGATTGGGTACCAC.1","s7r1f.TTGGATTGGGTACCAC.1","Ad HTMRs","spatialseq_DF"
"s3r2f.CACTAAAGTTGCCTAT.1","s3r2f.CACTAAAGTTGCCTAT.1","Ad HTMRs","spatialseq_DF"
"s7r1f.AGCCACTCCCGTGCTT.1","s7r1f.AGCCACTCCCGTGCTT.1","Aß RA LTMRs","spatialseq_DF"
"s3r1f.CCGTTACGTTAGAACA.1","s3r1f.CCGTTACGTTAGAACA.1","Cold nociceptors","spatialseq_DF"
"s8r1m.CAGCTCGACAAGTTAA.1","s8r1m.CAGCTCGACAAGTTAA.1","Cold nociceptors","spatialseq_DF"
"s7r2f.TCTTGATGCGTAGCGA.1","s7r2f.TCTTGATGCGTAGCGA.1","Aß RA LTMRs","spatialseq_DF"
"s7r1f.CGCATCCATCAGCCAG.1","s7r1f.CGCATCCATCAGCCAG.1","Aß SA LTMRs","spatialseq_DF"
"s3r2f.TTGGCTCGCATGAGAC.1","s3r2f.TTGGCTCGCATGAGAC.1","Aß SA LTMRs","spatialseq_DF"
"s6r2m.TCCACAATGGTTTACG.1","s6r2m.TCCACAATGGTTTACG.1","PENK+ nociceptors","spatialseq_DF"
"s7r1f.TATCACCATGTAAAGT.1","s7r1f.TATCACCATGTAAAGT.1","Pruritogen receptor enriched","spatialseq_DF"
"s6r1m.GGCAAAGGCGCCAATA.1","s6r1m.GGCAAAGGCGCCAATA.1","Ad HTMRs","spatialseq_DF"
"s3r1f.ACCACGTGCAGCTATA.1","s3r1f.ACCACGTGCAGCTATA.1","PENK+ nociceptors","spatialseq_DF"
"s1r2f.AGTTAAACACTTGCGA.1","s1r2f.AGTTAAACACTTGCGA.1","Putative C-LTMRs","spatialseq_DF"
"s7r2f.GGGTGTTTCAGCTATG.1","s7r2f.GGGTGTTTCAGCTATG.1","TRPA1+ nociceptors","spatialseq_DF"
"s7r1f.TCGGGTGAAACTGCTA.1","s7r1f.TCGGGTGAAACTGCTA.1","Cold nociceptors","spatialseq_DF"
"s7r1f.TTCGACGGGAAGGGCG.1","s7r1f.TTCGACGGGAAGGGCG.1","PENK+ nociceptors","spatialseq_DF"
"s7r2f.GACGGACCGCGTTCCT.1","s7r2f.GACGGACCGCGTTCCT.1","Putative C-LTMRs","spatialseq_DF"
"s6r1m.GTCACTCTCCAAATCT.1","s6r1m.GTCACTCTCCAAATCT.1","Aß SA LTMRs","spatialseq_DF"
"s1r2f.GCTACGACTTATTGGG.1","s1r2f.GCTACGACTTATTGGG.1","Aß nociceptors","spatialseq_DF"
"s7r2f.GGACTCACAAATTAGG.1","s7r2f.GGACTCACAAATTAGG.1","TRPA1+ nociceptors","spatialseq_DF"
"s4r2m.TGCCTAATTGAAGATT.1","s4r2m.TGCCTAATTGAAGATT.1","Proprioceptors","spatialseq_DF"
"s1r2f.CACAGGGCCGTTGTCA.1","s1r2f.CACAGGGCCGTTGTCA.1","Cold nociceptors","spatialseq_DF"
"s2r2m.GGTACAAACATGCTAT.1","s2r2m.GGTACAAACATGCTAT.1","Aß RA LTMRs","spatialseq_DF"
"s1r2f.CACTCGGTTAGGAGGA.1","s1r2f.CACTCGGTTAGGAGGA.1","Aß RA LTMRs","spatialseq_DF"
"s3r1f.AGGCACGTGACTGTCC.1","s3r1f.AGGCACGTGACTGTCC.1","Aß SA LTMRs","spatialseq_DF"
"s6r1m.CTGACATAGAAATAGA.1","s6r1m.CTGACATAGAAATAGA.1","Cold nociceptors","spatialseq_DF"
"s8r1m.TAGGTGACGATAACCT.1","s8r1m.TAGGTGACGATAACCT.1","Aß SA LTMRs","spatialseq_DF"
"s3r2f.AATGCAACCGGGTACC.1","s3r2f.AATGCAACCGGGTACC.1","Aß SA LTMRs","spatialseq_DF"
"s1r2f.TCGCCGAAGTTGCGTC.1","s1r2f.TCGCCGAAGTTGCGTC.1","TRPA1+ nociceptors","spatialseq_DF"
"s3r1f.ACAGCGACATTCTCAT.1","s3r1f.ACAGCGACATTCTCAT.1","TRPA1+ nociceptors","spatialseq_DF"
"s6r2m.TCCCGTGTGCAATTTG.1","s6r2m.TCCCGTGTGCAATTTG.1","TRPA1+ nociceptors","spatialseq_DF"
"s7r1f.CGAAACGCAATTCATG.1","s7r1f.CGAAACGCAATTCATG.1","Ad LTMRs","spatialseq_DF"
"s1r1f.TGCCTGATCAAACGAT.1","s1r1f.TGCCTGATCAAACGAT.1","Ad HTMRs","spatialseq_DF"
"s7r2f.TGCGGAGTAAAGGTGC.1","s7r2f.TGCGGAGTAAAGGTGC.1","Ad HTMRs","spatialseq_DF"
"s7r2f.GCTGCTACTGCGTAGC.1","s7r2f.GCTGCTACTGCGTAGC.1","TRPA1+ nociceptors","spatialseq_DF"
"s3r1f.CCTCGCCAGCAAATTA.1","s3r1f.CCTCGCCAGCAAATTA.1","Putative C-LTMRs","spatialseq_DF"
"s6r2m.TCGCTCGGCACCAGCG.1","s6r2m.TCGCTCGGCACCAGCG.1","Aß nociceptors","spatialseq_DF"
"s3r2f.AGCAGCCAGATGAATA.1","s3r2f.AGCAGCCAGATGAATA.1","Aß SA LTMRs","spatialseq_DF"
"s4r2m.TGACGATGCACTAGAA.1","s4r2m.TGACGATGCACTAGAA.1","Aß SA LTMRs","spatialseq_DF"
"s3r1f.ATCTCCCACGGAATAT.1","s3r1f.ATCTCCCACGGAATAT.1","Ad LTMRs","spatialseq_DF"
"s7r1f.TCCCGTCGCGTCATAG.1","s7r1f.TCCCGTCGCGTCATAG.1","Aß SA LTMRs","spatialseq_DF"
"s7r2f.CTTTGCTGTCATGGAT.1","s7r2f.CTTTGCTGTCATGGAT.1","Ad HTMRs","spatialseq_DF"
"s6r1m.CATACACGGTTCCCAC.1","s6r1m.CATACACGGTTCCCAC.1","Aß SA LTMRs","spatialseq_DF"
"s5r2f.ATGGTCGCGTGGTTTC.1","s5r2f.ATGGTCGCGTGGTTTC.1","Ad HTMRs","spatialseq_DF"
"s5r1f.TCTAGCATCTTCGATG.1","s5r1f.TCTAGCATCTTCGATG.1","Aß RA LTMRs","spatialseq_DF"
"s5r1f.CTTGTGCTCACCGATT.1","s5r1f.CTTGTGCTCACCGATT.1","TRPA1+ nociceptors","spatialseq_DF"
"s4r1m.GCGTAAATGGCCATAA.1","s4r1m.GCGTAAATGGCCATAA.1","TRPA1+ nociceptors","spatialseq_DF"
"s7r2f.CACCTCGATGGTGGAC.1","s7r2f.CACCTCGATGGTGGAC.1","Proprioceptors","spatialseq_DF"
"s3r1f.TAGCGTCCCTCGATTG.1","s3r1f.TAGCGTCCCTCGATTG.1","Aß RA LTMRs","spatialseq_DF"
"s3r1f.TACGCTCGGTATTGGA.1","s3r1f.TACGCTCGGTATTGGA.1","Aß nociceptors","spatialseq_DF"
"s3r1f.TATGGGTACGTATCGT.1","s3r1f.TATGGGTACGTATCGT.1","Aß RA LTMRs","spatialseq_DF"
"s5r2f.CCGAAGTATATTGTTC.1","s5r2f.CCGAAGTATATTGTTC.1","Aß RA LTMRs","spatialseq_DF"
"s7r2f.GTAGCTTCCTCTTGTT.1","s7r2f.GTAGCTTCCTCTTGTT.1","Ad HTMRs","spatialseq_DF"
"s8r2m.TTCAAAGTCTCTAGCC.1","s8r2m.TTCAAAGTCTCTAGCC.1","TRPA1+ nociceptors","spatialseq_DF"
"s7r1f.ATTACTTACTGGGCAT.1","s7r1f.ATTACTTACTGGGCAT.1","Proprioceptors","spatialseq_DF"
"s4r1m.ACGATACATAGAACTA.1","s4r1m.ACGATACATAGAACTA.1","TRPA1+ nociceptors","spatialseq_DF"
"s2r1m.TATTACCATCCTGCTT.1","s2r1m.TATTACCATCCTGCTT.1","Pruritogen receptor enriched","spatialseq_DF"
"s4r1m.GCGGTGAACTGCGCTC.1","s4r1m.GCGGTGAACTGCGCTC.1","TRPA1+ nociceptors","spatialseq_DF"
"s3r1f.GCCCGATCTGTGGTCG.1","s3r1f.GCCCGATCTGTGGTCG.1","Ad HTMRs","spatialseq_DF"
"s5r1f.CGTCGGGTCTAAGCGC.1","s5r1f.CGTCGGGTCTAAGCGC.1","Aß SA LTMRs","spatialseq_DF"
"s5r1f.TGGAATATCCTTGACC.1","s5r1f.TGGAATATCCTTGACC.1","Ad HTMRs","spatialseq_DF"
"s7r1f.GCTTAATGTAACTAAC.1","s7r1f.GCTTAATGTAACTAAC.1","TRPA1+ nociceptors","spatialseq_DF"
"s8r2m.GTCTCGATCTGCTTTC.1","s8r2m.GTCTCGATCTGCTTTC.1","TRPA1+ nociceptors","spatialseq_DF"
"s8r2m.CCCTGCGCTACGCATA.1","s8r2m.CCCTGCGCTACGCATA.1","Aß nociceptors","spatialseq_DF"
"s7r1f.CAGTTCCGCGGGTCGA.1","s7r1f.CAGTTCCGCGGGTCGA.1","PENK+ nociceptors","spatialseq_DF"
"s3r1f.CGTATCTAGAACTAAG.1","s3r1f.CGTATCTAGAACTAAG.1","Aß RA LTMRs","spatialseq_DF"
"s6r2m.AGGGAGACATACTTCG.1","s6r2m.AGGGAGACATACTTCG.1","Aß SA LTMRs","spatialseq_DF"
"s1r2f.GGATGAAGATCGCTGA.1","s1r2f.GGATGAAGATCGCTGA.1","Pruritogen receptor enriched","spatialseq_DF"
"s8r2m.GGATTCCGCTATACCC.1","s8r2m.GGATTCCGCTATACCC.1","Aß SA LTMRs","spatialseq_DF"
"s1r2f.GAGGCCCGACTCCGCA.1","s1r2f.GAGGCCCGACTCCGCA.1","Putative C-LTMRs","spatialseq_DF"
"s6r2m.CATAGCGTTGCCCACC.1","s6r2m.CATAGCGTTGCCCACC.1","Aß SA LTMRs","spatialseq_DF"
"s3r2f.ACCCGTGTCATCAGTA.1","s3r2f.ACCCGTGTCATCAGTA.1","Ad HTMRs","spatialseq_DF"
"s5r1f.CGGTTGACCTGGCATA.1","s5r1f.CGGTTGACCTGGCATA.1","Ad HTMRs","spatialseq_DF"
"s7r2f.CCCAAACATGCTGCTC.1","s7r2f.CCCAAACATGCTGCTC.1","TRPA1+ nociceptors","spatialseq_DF"
"s5r1f.GCTTGGATCGATTAGG.1","s5r1f.GCTTGGATCGATTAGG.1","Ad HTMRs","spatialseq_DF"
"s7r1f.ATTGTACAACTCGGCT.1","s7r1f.ATTGTACAACTCGGCT.1","Cold nociceptors","spatialseq_DF"
"s8r1m.TCCAGGCGAGTACGGT.1","s8r1m.TCCAGGCGAGTACGGT.1","Ad HTMRs","spatialseq_DF"
"s8r2m.CGAGATTTCGCTCGGG.1","s8r2m.CGAGATTTCGCTCGGG.1","Aß RA LTMRs","spatialseq_DF"
"s6r2m.AGCTGAAGTAAACCAA.1","s6r2m.AGCTGAAGTAAACCAA.1","Aß SA LTMRs","spatialseq_DF"
"s4r1m.CTGTTCACTGCCTGTG.1","s4r1m.CTGTTCACTGCCTGTG.1","Aß RA LTMRs","spatialseq_DF"
"s4r1m.ATAGAGTTATCAACTT.1","s4r1m.ATAGAGTTATCAACTT.1","Ad HTMRs","spatialseq_DF"
"s1r2f.AGCAGCCAGATGAATA.1","s1r2f.AGCAGCCAGATGAATA.1","Ad HTMRs","spatialseq_DF"
"s3r1f.CAGTGGTTGCACATGA.1","s3r1f.CAGTGGTTGCACATGA.1","Cold nociceptors","spatialseq_DF"
"s8r1m.CTTGAGTTAGGGTAAT.1","s8r1m.CTTGAGTTAGGGTAAT.1","PENK+ nociceptors","spatialseq_DF"
"s8r2m.ATGTGGACATCTTGAT.1","s8r2m.ATGTGGACATCTTGAT.1","Pruritogen receptor enriched","spatialseq_DF"
"s1r2f.TTACGGATGGTTCGAG.1","s1r2f.TTACGGATGGTTCGAG.1","TRPA1+ nociceptors","spatialseq_DF"
"s3r1f.AGGCTTGCTAGACACC.1","s3r1f.AGGCTTGCTAGACACC.1","Aß SA LTMRs","spatialseq_DF"
"s3r1f.TAGTCCGCAGAGAATG.1","s3r1f.TAGTCCGCAGAGAATG.1","Aß RA LTMRs","spatialseq_DF"
"s4r2m.TACATAGGCATACACC.1","s4r2m.TACATAGGCATACACC.1","Ad HTMRs","spatialseq_DF"
"s2r2m.GGCCCTCACCCACTTA.1","s2r2m.GGCCCTCACCCACTTA.1","Aß SA LTMRs","spatialseq_DF"
"s3r2f.ATTCACTGATGTTGGA.1","s3r2f.ATTCACTGATGTTGGA.1","PENK+ nociceptors","spatialseq_DF"
"s4r2m.CACAGCTAGGGAGTGA.1","s4r2m.CACAGCTAGGGAGTGA.1","Pruritogen receptor enriched","spatialseq_DF"
"s8r2m.CTTAGTGTAGTAGCAT.1","s8r2m.CTTAGTGTAGTAGCAT.1","Cold nociceptors","spatialseq_DF"
"s2r1m.ATCGGAGACAGACGGC.1","s2r1m.ATCGGAGACAGACGGC.1","Ad HTMRs","spatialseq_DF"
"s7r1f.AGCGTGGTATTCTACT.1","s7r1f.AGCGTGGTATTCTACT.1","PENK+ nociceptors","spatialseq_DF"
"s3r2f.CCGCTATCAGCACCAG.1","s3r2f.CCGCTATCAGCACCAG.1","Aß RA LTMRs","spatialseq_DF"
"s3r1f.AACGCGGTCTCCAGCC.1","s3r1f.AACGCGGTCTCCAGCC.1","Aß RA LTMRs","spatialseq_DF"
"s1r1f.GTGGACGCATTTGTCC.1","s1r1f.GTGGACGCATTTGTCC.1","Aß nociceptors","spatialseq_DF"
"s4r2m.TCTTCGATACCAATAA.1","s4r2m.TCTTCGATACCAATAA.1","Ad HTMRs","spatialseq_DF"
"s4r2m.TCGTCTTAGGCGTTAA.1","s4r2m.TCGTCTTAGGCGTTAA.1","Aß nociceptors","spatialseq_DF"
"s6r2m.GATCTTTGCAGGGTAT.1","s6r2m.GATCTTTGCAGGGTAT.1","Pruritogen receptor enriched","spatialseq_DF"
"s6r2m.CGCCCAGCACGCCTAG.1","s6r2m.CGCCCAGCACGCCTAG.1","Aß SA LTMRs","spatialseq_DF"
"s5r2f.TAAAGCGTTAGGAGAA.1","s5r2f.TAAAGCGTTAGGAGAA.1","Proprioceptors","spatialseq_DF"
"s6r2m.ACTGTAGCACTTTGGA.1","s6r2m.ACTGTAGCACTTTGGA.1","PENK+ nociceptors","spatialseq_DF"
"s7r2f.ATGCATTCCGTGATGG.1","s7r2f.ATGCATTCCGTGATGG.1","Aß RA LTMRs","spatialseq_DF"
"s8r1m.GTTATATTATCTCCCT.1","s8r1m.GTTATATTATCTCCCT.1","Proprioceptors","spatialseq_DF"
"s6r1m.CCGACGGGCATGAGGT.1","s6r1m.CCGACGGGCATGAGGT.1","PENK+ nociceptors","spatialseq_DF"
"s5r2f.GGATCTTGACTCAACC.1","s5r2f.GGATCTTGACTCAACC.1","Aß SA LTMRs","spatialseq_DF"
"s7r2f.TTCAAGCCGAGCTGAG.1","s7r2f.TTCAAGCCGAGCTGAG.1","Aß RA LTMRs","spatialseq_DF"
"s4r2m.GCAAGTGCACAGAGAA.1","s4r2m.GCAAGTGCACAGAGAA.1","Aß RA LTMRs","spatialseq_DF"
"s5r2f.AGACGACGATGCCGCT.1","s5r2f.AGACGACGATGCCGCT.1","Aß RA LTMRs","spatialseq_DF"
"s3r2f.ACACCCGAGAAATCCG.1","s3r2f.ACACCCGAGAAATCCG.1","PENK+ nociceptors","spatialseq_DF"
"s1r2f.ATATCTCCCTCGTTAA.1","s1r2f.ATATCTCCCTCGTTAA.1","Putative silent nociceptors","spatialseq_DF"
"s7r1f.TGGTTGGAGGATCCTG.1","s7r1f.TGGTTGGAGGATCCTG.1","Putative silent nociceptors","spatialseq_DF"
"s4r2m.AAGTGTTTGGAGACGG.1","s4r2m.AAGTGTTTGGAGACGG.1","Aß RA LTMRs","spatialseq_DF"
"s1r2f.GGGCTCATCGAACCCA.1","s1r2f.GGGCTCATCGAACCCA.1","Aß RA LTMRs","spatialseq_DF"
"s5r1f.TAGTCTGTGACGTTGC.1","s5r1f.TAGTCTGTGACGTTGC.1","Ad HTMRs","spatialseq_DF"
"s7r2f.TTAGCTGATTTGCCGT.1","s7r2f.TTAGCTGATTTGCCGT.1","Aß nociceptors","spatialseq_DF"
"s5r1f.GAGTTGATGGCAATTT.1","s5r1f.GAGTTGATGGCAATTT.1","Aß SA LTMRs","spatialseq_DF"
"s1r2f.CACCTCGATGGTGGAC.1","s1r2f.CACCTCGATGGTGGAC.1","Aß SA LTMRs","spatialseq_DF"
"s7r2f.CTATGTCACTAGCCCA.1","s7r2f.CTATGTCACTAGCCCA.1","Aß RA LTMRs","spatialseq_DF"
"s3r1f.CTAAATCCTATTCCGG.1","s3r1f.CTAAATCCTATTCCGG.1","PENK+ nociceptors","spatialseq_DF"
"s8r1m.ATGAGGGCAGCGGCTA.1","s8r1m.ATGAGGGCAGCGGCTA.1","Aß RA LTMRs","spatialseq_DF"
"s8r1m.TACGACGCTTGCTGCG.1","s8r1m.TACGACGCTTGCTGCG.1","Ad HTMRs","spatialseq_DF"
"s7r2f.GCCTCATCTGGAAATA.1","s7r2f.GCCTCATCTGGAAATA.1","Ad HTMRs","spatialseq_DF"
"s7r2f.GTTCATCGTTTGGCTG.1","s7r2f.GTTCATCGTTTGGCTG.1","TRPA1+ nociceptors","spatialseq_DF"
"s6r1m.CGGATCCTCAAGGACT.1","s6r1m.CGGATCCTCAAGGACT.1","Putative silent nociceptors","spatialseq_DF"
"s8r2m.GAGGGCGCAGCTCTGC.1","s8r2m.GAGGGCGCAGCTCTGC.1","TRPA1+ nociceptors","spatialseq_DF"
"s3r1f.AGAGAACCGTCTAGGA.1","s3r1f.AGAGAACCGTCTAGGA.1","TRPA1+ nociceptors","spatialseq_DF"
"s2r1m.TCTAGGTGGCGACGCT.1","s2r1m.TCTAGGTGGCGACGCT.1","Putative C-LTMRs","spatialseq_DF"
"s1r2f.TATTCGTGCCAGAATA.1","s1r2f.TATTCGTGCCAGAATA.1","Ad HTMRs","spatialseq_DF"
"s2r1m.AACACACGCTCGCCGC.1","s2r1m.AACACACGCTCGCCGC.1","Aß RA LTMRs","spatialseq_DF"
"s7r2f.CCGTGCCCATGACGGC.1","s7r2f.CCGTGCCCATGACGGC.1","Proprioceptors","spatialseq_DF"
"s4r1m.GAGATCTGTCACTCCG.1","s4r1m.GAGATCTGTCACTCCG.1","TRPA1+ nociceptors","spatialseq_DF"
"s8r2m.CAGTGTCCGCAGAATG.1","s8r2m.CAGTGTCCGCAGAATG.1","Aß RA LTMRs","spatialseq_DF"
"s5r2f.TAGATATGGACTGGAA.1","s5r2f.TAGATATGGACTGGAA.1","Aß RA LTMRs","spatialseq_DF"
"s4r2m.AGCTGAAGTAAACCAA.1","s4r2m.AGCTGAAGTAAACCAA.1","Aß SA LTMRs","spatialseq_DF"
"s5r2f.TGCATGTGGTAATCTA.1","s5r2f.TGCATGTGGTAATCTA.1","Pruritogen receptor enriched","spatialseq_DF"
"s7r1f.TGGGCACGTTCTATGG.1","s7r1f.TGGGCACGTTCTATGG.1","Aß RA LTMRs","spatialseq_DF"
"s5r2f.GAAGAAACGATATTGT.1","s5r2f.GAAGAAACGATATTGT.1","Ad HTMRs","spatialseq_DF"
"s7r1f.GCCTATTCCGATATAG.1","s7r1f.GCCTATTCCGATATAG.1","Ad LTMRs","spatialseq_DF"
"s5r2f.GGGCGATATGTGTGAA.1","s5r2f.GGGCGATATGTGTGAA.1","Aß SA LTMRs","spatialseq_DF"
"s2r2m.AACGATAATGCCGTAG.1","s2r2m.AACGATAATGCCGTAG.1","Aß RA LTMRs","spatialseq_DF"
"s5r1f.GGCTAAAGGGCGGGTC.1","s5r1f.GGCTAAAGGGCGGGTC.1","Ad HTMRs","spatialseq_DF"
"s5r2f.TAGTTTATTCTTGCTT.1","s5r2f.TAGTTTATTCTTGCTT.1","Ad LTMRs","spatialseq_DF"
"s2r2m.CCTATGTCCACTCCAC.1","s2r2m.CCTATGTCCACTCCAC.1","TRPA1+ nociceptors","spatialseq_DF"
"s6r1m.CACAGCTAGGGAGTGA.1","s6r1m.CACAGCTAGGGAGTGA.1","Ad HTMRs","spatialseq_DF"
"s4r2m.AAGTAGTGACGCGAGG.1","s4r2m.AAGTAGTGACGCGAGG.1","Ad HTMRs","spatialseq_DF"
"s3r1f.CGATTCGCCTGGCTGC.1","s3r1f.CGATTCGCCTGGCTGC.1","Putative silent nociceptors","spatialseq_DF"
"s2r1m.TTACAGACCTAAATGA.1","s2r1m.TTACAGACCTAAATGA.1","Ad HTMRs","spatialseq_DF"
"s6r1m.GAAGCCTGCACATTCC.1","s6r1m.GAAGCCTGCACATTCC.1","Aß RA LTMRs","spatialseq_DF"
"s4r2m.AGTCACTAGCTCTCGA.1","s4r2m.AGTCACTAGCTCTCGA.1","Pruritogen receptor enriched","spatialseq_DF"
"s5r2f.GATATTGAGATTGGCG.1","s5r2f.GATATTGAGATTGGCG.1","Aß RA LTMRs","spatialseq_DF"
"s2r2m.GCTTTCAGAGGAGGTG.1","s2r2m.GCTTTCAGAGGAGGTG.1","Aß SA LTMRs","spatialseq_DF"
"s7r1f.CGGCAAACATCGTGCG.1","s7r1f.CGGCAAACATCGTGCG.1","Cold nociceptors","spatialseq_DF"
"s5r2f.CCAGAGACAAAGCCGG.1","s5r2f.CCAGAGACAAAGCCGG.1","Aß SA LTMRs","spatialseq_DF"
"s3r2f.TTATCTGTATCATAAC.1","s3r2f.TTATCTGTATCATAAC.1","Aß RA LTMRs","spatialseq_DF"
"s4r1m.GTAGCCAAACATGGGA.1","s4r1m.GTAGCCAAACATGGGA.1","TRPA1+ nociceptors","spatialseq_DF"
"s4r2m.GCCCGCGCGTAAACGG.1","s4r2m.GCCCGCGCGTAAACGG.1","Putative silent nociceptors","spatialseq_DF"
"s2r2m.CTGAGCAAGTAACAAG.1","s2r2m.CTGAGCAAGTAACAAG.1","Aß SA LTMRs","spatialseq_DF"
"s6r1m.CAATATTCTTGACCTA.1","s6r1m.CAATATTCTTGACCTA.1","Putative silent nociceptors","spatialseq_DF"
"s1r2f.GGTAGACCGTTGGGCG.1","s1r2f.GGTAGACCGTTGGGCG.1","Pruritogen receptor enriched","spatialseq_DF"
"s7r2f.GCAACGGCTAGTTATG.1","s7r2f.GCAACGGCTAGTTATG.1","Ad HTMRs","spatialseq_DF"
"s1r2f.TGTGAGACTAGCCCAA.1","s1r2f.TGTGAGACTAGCCCAA.1","Aß SA LTMRs","spatialseq_DF"
"s7r1f.TTAACACCTCGAACAT.1","s7r1f.TTAACACCTCGAACAT.1","Aß RA LTMRs","spatialseq_DF"
"s6r2m.TGAATGTCAGCCGGCC.1","s6r2m.TGAATGTCAGCCGGCC.1","Ad HTMRs","spatialseq_DF"
"s7r2f.CCGCACACGAACGTGT.1","s7r2f.CCGCACACGAACGTGT.1","Aß RA LTMRs","spatialseq_DF"
"s7r2f.CCTAGTTAGTCGCATG.1","s7r2f.CCTAGTTAGTCGCATG.1","Aß SA LTMRs","spatialseq_DF"
"s3r1f.CGACTTTGTATAGCCT.1","s3r1f.CGACTTTGTATAGCCT.1","Ad LTMRs","spatialseq_DF"
"s2r1m.CCTATCTATATCGGAA.1","s2r1m.CCTATCTATATCGGAA.1","Pruritogen receptor enriched","spatialseq_DF"
"s5r1f.ACCAAGAACGCGTGTC.1","s5r1f.ACCAAGAACGCGTGTC.1","Ad HTMRs","spatialseq_DF"
"s5r1f.GCCTTCAGCCCTACCG.1","s5r1f.GCCTTCAGCCCTACCG.1","TRPA1+ nociceptors","spatialseq_DF"
"s5r1f.AACCCAGAGACGGAGA.1","s5r1f.AACCCAGAGACGGAGA.1","PENK+ nociceptors","spatialseq_DF"
"s3r2f.AGCGACATCCCATTCA.1","s3r2f.AGCGACATCCCATTCA.1","Ad HTMRs","spatialseq_DF"
"s5r2f.GCCACAATTTAAGGAC.1","s5r2f.GCCACAATTTAAGGAC.1","Aß SA LTMRs","spatialseq_DF"
"s2r1m.AGGTTTCACACACCTT.1","s2r1m.AGGTTTCACACACCTT.1","Aß RA LTMRs","spatialseq_DF"
"s5r2f.GCGCAAGAGCGCGCTG.1","s5r2f.GCGCAAGAGCGCGCTG.1","Aß SA LTMRs","spatialseq_DF"
"s4r1m.TATCTACCACAGCGGG.1","s4r1m.TATCTACCACAGCGGG.1","Cold nociceptors","spatialseq_DF"
"s2r1m.AGCCACTCCCGTGCTT.1","s2r1m.AGCCACTCCCGTGCTT.1","Cold nociceptors","spatialseq_DF"
"s2r1m.TACTGCAATCAATTAC.1","s2r1m.TACTGCAATCAATTAC.1","TRPA1+ nociceptors","spatialseq_DF"
"s6r1m.CCGCACGTGACCTCGG.1","s6r1m.CCGCACGTGACCTCGG.1","Pruritogen receptor enriched","spatialseq_DF"
"s2r2m.GAGGTCCCAAAGATCT.1","s2r2m.GAGGTCCCAAAGATCT.1","Aß SA LTMRs","spatialseq_DF"
"s3r1f.CAGTCGAGGATGCAAT.1","s3r1f.CAGTCGAGGATGCAAT.1","TRPA1+ nociceptors","spatialseq_DF"
"s6r1m.AGCTAACAAGCAATGT.1","s6r1m.AGCTAACAAGCAATGT.1","Aß SA LTMRs","spatialseq_DF"
"s3r2f.TATCGATGATTAAACG.1","s3r2f.TATCGATGATTAAACG.1","TRPA1+ nociceptors","spatialseq_DF"
"s8r2m.CTCGCCGAATGTAGGG.1","s8r2m.CTCGCCGAATGTAGGG.1","TRPA1+ nociceptors","spatialseq_DF"
"s5r2f.GGTTGTGTAGCCTGGC.1","s5r2f.GGTTGTGTAGCCTGGC.1","Aß SA LTMRs","spatialseq_DF"
"s2r1m.CGTGGCCGAATATCTA.1","s2r1m.CGTGGCCGAATATCTA.1","Ad LTMRs","spatialseq_DF"
"s6r1m.GTAGAAACGGGTGGAG.1","s6r1m.GTAGAAACGGGTGGAG.1","Ad HTMRs","spatialseq_DF"
"s2r2m.CGATTCGCCTGGCTGC.1","s2r2m.CGATTCGCCTGGCTGC.1","TRPA1+ nociceptors","spatialseq_DF"
"s5r2f.GAAGCTCGGACCCGTC.1","s5r2f.GAAGCTCGGACCCGTC.1","Aß SA LTMRs","spatialseq_DF"
"s8r2m.CGGCAAACATCGTGCG.1","s8r2m.CGGCAAACATCGTGCG.1","Cold nociceptors","spatialseq_DF"
"s7r1f.AGCCCTAAGCGAAGTT.1","s7r1f.AGCCCTAAGCGAAGTT.1","Aß RA LTMRs","spatialseq_DF"
"s8r2m.TTACTAAAGGACTTTA.1","s8r2m.TTACTAAAGGACTTTA.1","PENK+ nociceptors","spatialseq_DF"
"s7r2f.TTCCAATCAGAGCTAG.1","s7r2f.TTCCAATCAGAGCTAG.1","TRPA1+ nociceptors","spatialseq_DF"
"s8r1m.TCCAGCGCTATAAGCG.1","s8r1m.TCCAGCGCTATAAGCG.1","PENK+ nociceptors","spatialseq_DF"
"s2r2m.ACACAAAGACGGGTGG.1","s2r2m.ACACAAAGACGGGTGG.1","Ad HTMRs","spatialseq_DF"
"s5r2f.CTGTTACCCAATCTAG.1","s5r2f.CTGTTACCCAATCTAG.1","PENK+ nociceptors","spatialseq_DF"
"s3r1f.TTGTAAGGCCAGTTGG.1","s3r1f.TTGTAAGGCCAGTTGG.1","Cold nociceptors","spatialseq_DF"
"s2r2m.GTCTGCCGACTCGACG.1","s2r2m.GTCTGCCGACTCGACG.1","Ad HTMRs","spatialseq_DF"
"s6r2m.AAACGAAGAACATACC.1","s6r2m.AAACGAAGAACATACC.1","TRPA1+ nociceptors","spatialseq_DF"
"s4r1m.TGGCAGCAGTAATAGT.1","s4r1m.TGGCAGCAGTAATAGT.1","Ad HTMRs","spatialseq_DF"
"s3r2f.CCCTCGGGAGCCTTGT.1","s3r2f.CCCTCGGGAGCCTTGT.1","Proprioceptors","spatialseq_DF"
"s1r2f.TTAAGCGCCTGACCCA.1","s1r2f.TTAAGCGCCTGACCCA.1","PENK+ nociceptors","spatialseq_DF"
"s7r1f.AGGGTTTAGTTCGGGA.1","s7r1f.AGGGTTTAGTTCGGGA.1","Putative silent nociceptors","spatialseq_DF"
"s7r1f.CTGCTTTATGTCCGCG.1","s7r1f.CTGCTTTATGTCCGCG.1","Aß SA LTMRs","spatialseq_DF"
"s7r2f.AAGTTTACTAATGGCA.1","s7r2f.AAGTTTACTAATGGCA.1","TRPA1+ nociceptors","spatialseq_DF"
"s3r1f.CACACGCGCTGTCTTA.1","s3r1f.CACACGCGCTGTCTTA.1","Ad HTMRs","spatialseq_DF"
"s4r2m.AATCTGCGTTGGGACG.1","s4r2m.AATCTGCGTTGGGACG.1","Putative silent nociceptors","spatialseq_DF"
"s8r2m.CCGAGAAGTCGCATAA.1","s8r2m.CCGAGAAGTCGCATAA.1","Aß RA LTMRs","spatialseq_DF"
"s1r2f.GAATTTCTCGCTGCAG.1","s1r2f.GAATTTCTCGCTGCAG.1","Ad HTMRs","spatialseq_DF"
"s1r2f.AGTTTGCACCTGCCTC.1","s1r2f.AGTTTGCACCTGCCTC.1","PENK+ nociceptors","spatialseq_DF"
"s1r2f.CTACTCTAGGCCCGGC.1","s1r2f.CTACTCTAGGCCCGGC.1","Pruritogen receptor enriched","spatialseq_DF"
"s5r1f.CCGGGACCCGCAGAGA.1","s5r1f.CCGGGACCCGCAGAGA.1","Ad HTMRs","spatialseq_DF"
"s4r1m.ATTAAACATGCGGACC.1","s4r1m.ATTAAACATGCGGACC.1","Cold nociceptors","spatialseq_DF"
"s6r2m.TCGCCGAAGTTGCGTC.1","s6r2m.TCGCCGAAGTTGCGTC.1","PENK+ nociceptors","spatialseq_DF"
"s8r2m.AACTACCCGTTTGTCA.1","s8r2m.AACTACCCGTTTGTCA.1","Aß RA LTMRs","spatialseq_DF"
"s3r1f.ATTAGGCGATGCTTTC.1","s3r1f.ATTAGGCGATGCTTTC.1","Aß RA LTMRs","spatialseq_DF"
"s6r1m.ACCACAAGTTTCTATC.1","s6r1m.ACCACAAGTTTCTATC.1","Ad HTMRs","spatialseq_DF"
"s1r2f.AAGTAGAAGACCGGGT.1","s1r2f.AAGTAGAAGACCGGGT.1","PENK+ nociceptors","spatialseq_DF"
"s5r1f.ATCCTGAATCGCTGCG.1","s5r1f.ATCCTGAATCGCTGCG.1","TRPA1+ nociceptors","spatialseq_DF"
"s1r2f.GTGATCCTTGTCATGA.1","s1r2f.GTGATCCTTGTCATGA.1","Cold nociceptors","spatialseq_DF"
"s7r1f.AGACAGCTCAGAATCC.1","s7r1f.AGACAGCTCAGAATCC.1","PENK+ nociceptors","spatialseq_DF"
"s4r2m.TTAGTAAACCTGCTCT.1","s4r2m.TTAGTAAACCTGCTCT.1","Ad LTMRs","spatialseq_DF"
"s6r2m.CAGAGACGGTCACCCA.1","s6r2m.CAGAGACGGTCACCCA.1","TRPA1+ nociceptors","spatialseq_DF"
"s4r2m.AACTCTCAATAGAGCG.1","s4r2m.AACTCTCAATAGAGCG.1","Ad LTMRs","spatialseq_DF"
"s5r2f.TGGCAGCAGTAATAGT.1","s5r2f.TGGCAGCAGTAATAGT.1","Ad LTMRs","spatialseq_DF"
"s5r1f.CAGATCATTTAAAGTC.1","s5r1f.CAGATCATTTAAAGTC.1","TRPA1+ nociceptors","spatialseq_DF"
"s4r1m.TACCGGCTCACTGCCC.1","s4r1m.TACCGGCTCACTGCCC.1","Cold nociceptors","spatialseq_DF"
"s4r2m.TAGTCTAACAACGAGA.1","s4r2m.TAGTCTAACAACGAGA.1","TRPA1+ nociceptors","spatialseq_DF"
"s6r2m.CTGGTCCTAACTTGGC.1","s6r2m.CTGGTCCTAACTTGGC.1","Ad HTMRs","spatialseq_DF"
"s3r2f.CGTTTAAGCGGAGCAC.1","s3r2f.CGTTTAAGCGGAGCAC.1","TRPA1+ nociceptors","spatialseq_DF"
"s6r1m.CCTATGGGTTACCGTC.1","s6r1m.CCTATGGGTTACCGTC.1","Aß RA LTMRs","spatialseq_DF"
"s3r2f.CACTCAAGAGCTATGG.1","s3r2f.CACTCAAGAGCTATGG.1","Cold nociceptors","spatialseq_DF"
"s8r1m.ATCGGCAAGCAGTCCA.1","s8r1m.ATCGGCAAGCAGTCCA.1","Proprioceptors","spatialseq_DF"
"s7r2f.CTCTGGACGCCTGGTG.1","s7r2f.CTCTGGACGCCTGGTG.1","Aß RA LTMRs","spatialseq_DF"
"s1r1f.TAAGGCCCGTCACCCT.1","s1r1f.TAAGGCCCGTCACCCT.1","TRPA1+ nociceptors","spatialseq_DF"
"s5r2f.CATTTAGCGGACCATG.1","s5r2f.CATTTAGCGGACCATG.1","Aß SA LTMRs","spatialseq_DF"
"s6r2m.TTAATTTCAGACGCGG.1","s6r2m.TTAATTTCAGACGCGG.1","TRPA1+ nociceptors","spatialseq_DF"
"s2r2m.ACAAATGGTAGTGTTT.1","s2r2m.ACAAATGGTAGTGTTT.1","TRPA1+ nociceptors","spatialseq_DF"
"s5r1f.AGTGGCGGCAATTTGA.1","s5r1f.AGTGGCGGCAATTTGA.1","Pruritogen receptor enriched","spatialseq_DF"
"s7r1f.GAATCGACATGGTCAC.1","s7r1f.GAATCGACATGGTCAC.1","Putative silent nociceptors","spatialseq_DF"
"s2r1m.AACTCTCAGTGTGCTC.1","s2r1m.AACTCTCAGTGTGCTC.1","Ad HTMRs","spatialseq_DF"
"s2r1m.GAAAGAACAGCGTTAT.1","s2r1m.GAAAGAACAGCGTTAT.1","Cold nociceptors","spatialseq_DF"
"s2r2m.AGGTAACCTCCTATTC.1","s2r2m.AGGTAACCTCCTATTC.1","Aß RA LTMRs","spatialseq_DF"
"s6r2m.ATCCAACGCAGTCATA.1","s6r2m.ATCCAACGCAGTCATA.1","Pruritogen receptor enriched","spatialseq_DF"
"s2r1m.CCACTGGTGGCTGGTT.1","s2r1m.CCACTGGTGGCTGGTT.1","Ad HTMRs","spatialseq_DF"
"s3r1f.CAACGGTTCTTGATAC.1","s3r1f.CAACGGTTCTTGATAC.1","Ad HTMRs","spatialseq_DF"
"s4r2m.TGCCTGATCAAACGAT.1","s4r2m.TGCCTGATCAAACGAT.1","Ad HTMRs","spatialseq_DF"
"s7r1f.GATTACTGAATTTGGG.1","s7r1f.GATTACTGAATTTGGG.1","Pruritogen receptor enriched","spatialseq_DF"
"s6r2m.CCTGTCGCCCGTAAAT.1","s6r2m.CCTGTCGCCCGTAAAT.1","TRPA1+ nociceptors","spatialseq_DF"
"s3r1f.AGGGTCGATGCGAACT.1","s3r1f.AGGGTCGATGCGAACT.1","Pruritogen receptor enriched","spatialseq_DF"
"s1r2f.CCGGCGCATATTGGAT.1","s1r2f.CCGGCGCATATTGGAT.1","Pruritogen receptor enriched","spatialseq_DF"
"s3r2f.TTCACGAAAGGATCAC.1","s3r2f.TTCACGAAAGGATCAC.1","Putative silent nociceptors","spatialseq_DF"
"s5r2f.TCTGTGCCATCATAGT.1","s5r2f.TCTGTGCCATCATAGT.1","Ad HTMRs","spatialseq_DF"
"s2r2m.TATGGGACCGAGCAGG.1","s2r2m.TATGGGACCGAGCAGG.1","Aß nociceptors","spatialseq_DF"
"s8r1m.ATCATCCAATATTTGT.1","s8r1m.ATCATCCAATATTTGT.1","Pruritogen receptor enriched","spatialseq_DF"
"s3r1f.CTGATAGTGTATCTCA.1","s3r1f.CTGATAGTGTATCTCA.1","Aß SA LTMRs","spatialseq_DF"
"s6r1m.AAACCTCATGAAGTTG.1","s6r1m.AAACCTCATGAAGTTG.1","PENK+ nociceptors","spatialseq_DF"
"s5r1f.CTAATTCTCAGATATT.1","s5r1f.CTAATTCTCAGATATT.1","Cold nociceptors","spatialseq_DF"
"s6r1m.CCATGCTCTGCAGGAA.1","s6r1m.CCATGCTCTGCAGGAA.1","Aß nociceptors","spatialseq_DF"
"s5r2f.CCGGTTTGTAATTGTG.1","s5r2f.CCGGTTTGTAATTGTG.1","TRPA1+ nociceptors","spatialseq_DF"
"s2r1m.GCTGCTACTGCGTAGC.1","s2r1m.GCTGCTACTGCGTAGC.1","Pruritogen receptor enriched","spatialseq_DF"
"s6r1m.TAGCCATTTCAAAGTC.1","s6r1m.TAGCCATTTCAAAGTC.1","Ad HTMRs","spatialseq_DF"
"s1r2f.ATTAGATTCCTCAGCA.1","s1r2f.ATTAGATTCCTCAGCA.1","Aß SA LTMRs","spatialseq_DF"
"s5r2f.GAGTTGATGGCAATTT.1","s5r2f.GAGTTGATGGCAATTT.1","TRPA1+ nociceptors","spatialseq_DF"
"s4r2m.CCCTACTTGAACAATG.1","s4r2m.CCCTACTTGAACAATG.1","Ad LTMRs","spatialseq_DF"
"s1r1f.TAGACGCCCGTACCGG.1","s1r1f.TAGACGCCCGTACCGG.1","TRPA1+ nociceptors","spatialseq_DF"
"s2r1m.ACTCCCTAATGCTAAA.1","s2r1m.ACTCCCTAATGCTAAA.1","Pruritogen receptor enriched","spatialseq_DF"
"s5r2f.CTAGCCGATGTTATGA.1","s5r2f.CTAGCCGATGTTATGA.1","Ad LTMRs","spatialseq_DF"
"s5r1f.TTCCTCGAGGGTGTCT.1","s5r1f.TTCCTCGAGGGTGTCT.1","Aß nociceptors","spatialseq_DF"
"s7r1f.TAATACACAGTAGTAT.1","s7r1f.TAATACACAGTAGTAT.1","Proprioceptors","spatialseq_DF"
"s1r2f.TAAAGAGCCCGAAACC.1","s1r2f.TAAAGAGCCCGAAACC.1","Aß SA LTMRs","spatialseq_DF"
"s1r2f.TTGTTCAGTGTGCTAC.1","s1r2f.TTGTTCAGTGTGCTAC.1","PENK+ nociceptors","spatialseq_DF"
"s5r2f.CAGTAATCCCTCCCAG.1","s5r2f.CAGTAATCCCTCCCAG.1","Ad HTMRs","spatialseq_DF"
"s6r2m.CTGCCAAGGTTGGAAG.1","s6r2m.CTGCCAAGGTTGGAAG.1","TRPA1+ nociceptors","spatialseq_DF"
"s3r2f.CGCATTAGCTAATAGG.1","s3r2f.CGCATTAGCTAATAGG.1","Ad HTMRs","spatialseq_DF"
"s8r2m.TCACGGTCATCGCACA.1","s8r2m.TCACGGTCATCGCACA.1","Proprioceptors","spatialseq_DF"
"s3r1f.GTCCCGCGACGTTATG.1","s3r1f.GTCCCGCGACGTTATG.1","Cold nociceptors","spatialseq_DF"
"s8r2m.CCGAAAGTGGTGAGCA.1","s8r2m.CCGAAAGTGGTGAGCA.1","Aß SA LTMRs","spatialseq_DF"
"s8r2m.CGACACGCTCCGACAG.1","s8r2m.CGACACGCTCCGACAG.1","Pruritogen receptor enriched","spatialseq_DF"
"s5r1f.TCGTATTACCCATTGC.1","s5r1f.TCGTATTACCCATTGC.1","Proprioceptors","spatialseq_DF"
"s4r1m.AGCTCTAGACGTTCCA.1","s4r1m.AGCTCTAGACGTTCCA.1","Cold nociceptors","spatialseq_DF"
"s8r2m.CGAGGCTAAATATGGC.1","s8r2m.CGAGGCTAAATATGGC.1","TRPA1+ nociceptors","spatialseq_DF"
"s5r2f.CGCAATTCTACAATAA.1","s5r2f.CGCAATTCTACAATAA.1","Aß RA LTMRs","spatialseq_DF"
"s6r2m.TGATACATTTAGCCGT.1","s6r2m.TGATACATTTAGCCGT.1","PENK+ nociceptors","spatialseq_DF"
"s5r1f.CCGCTTGCTGACATGG.1","s5r1f.CCGCTTGCTGACATGG.1","Aß RA LTMRs","spatialseq_DF"
"s8r2m.TTGCCAAGCAGAACCC.1","s8r2m.TTGCCAAGCAGAACCC.1","PENK+ nociceptors","spatialseq_DF"
"s6r1m.CGATAATACTCAGGTT.1","s6r1m.CGATAATACTCAGGTT.1","Aß SA LTMRs","spatialseq_DF"
"s6r1m.CCTTGACCACTTTATT.1","s6r1m.CCTTGACCACTTTATT.1","Cold nociceptors","spatialseq_DF"
"s8r2m.GTACTTGGGCACTTCT.1","s8r2m.GTACTTGGGCACTTCT.1","Aß RA LTMRs","spatialseq_DF"
"s5r2f.GAACGTTAGGAAGACG.1","s5r2f.GAACGTTAGGAAGACG.1","TRPA1+ nociceptors","spatialseq_DF"
"s4r1m.CTTCATTGTCAGTGGA.1","s4r1m.CTTCATTGTCAGTGGA.1","PENK+ nociceptors","spatialseq_DF"
"s3r1f.GGTGAAGTACAGGGAT.1","s3r1f.GGTGAAGTACAGGGAT.1","Pruritogen receptor enriched","spatialseq_DF"
"s5r2f.AAGGTGATAAACCAGC.1","s5r2f.AAGGTGATAAACCAGC.1","Pruritogen receptor enriched","spatialseq_DF"
"s5r2f.GGGAACGGGAGGTTAG.1","s5r2f.GGGAACGGGAGGTTAG.1","TRPA1+ nociceptors","spatialseq_DF"
"s7r1f.AGGTTGAGGCACGCTT.1","s7r1f.AGGTTGAGGCACGCTT.1","TRPA1+ nociceptors","spatialseq_DF"
"s4r2m.CCTAAATTAACGGTTC.1","s4r2m.CCTAAATTAACGGTTC.1","TRPA1+ nociceptors","spatialseq_DF"
"s5r2f.GTTTGGTGATCGGTGC.1","s5r2f.GTTTGGTGATCGGTGC.1","Aß SA LTMRs","spatialseq_DF"
"s7r1f.GGTACATCTGGGACGA.1","s7r1f.GGTACATCTGGGACGA.1","Proprioceptors","spatialseq_DF"
"s5r1f.ACACCTTAAGTAGGGC.1","s5r1f.ACACCTTAAGTAGGGC.1","TRPA1+ nociceptors","spatialseq_DF"
"s6r2m.AACGGCCATCTCCGGT.1","s6r2m.AACGGCCATCTCCGGT.1","Cold nociceptors","spatialseq_DF"
"s1r2f.GAATGTATGGCAGGTC.1","s1r2f.GAATGTATGGCAGGTC.1","PENK+ nociceptors","spatialseq_DF"
"s2r1m.GGGCCTAAATGGGCTA.1","s2r1m.GGGCCTAAATGGGCTA.1","Aß RA LTMRs","spatialseq_DF"
"s8r2m.GTTTCATATCGTCGCT.1","s8r2m.GTTTCATATCGTCGCT.1","Aß RA LTMRs","spatialseq_DF"
"s7r1f.CCAAATAACAAGATTC.1","s7r1f.CCAAATAACAAGATTC.1","TRPA1+ nociceptors","spatialseq_DF"
"s6r2m.TGGGCAGGCCACCGCA.1","s6r2m.TGGGCAGGCCACCGCA.1","Pruritogen receptor enriched","spatialseq_DF"
"s5r1f.CTGCCTAGCCACCAAG.1","s5r1f.CTGCCTAGCCACCAAG.1","Ad LTMRs","spatialseq_DF"
"s4r2m.TATTTAGTCTAGATCG.1","s4r2m.TATTTAGTCTAGATCG.1","Aß SA LTMRs","spatialseq_DF"
"s2r1m.GTGGCAAACAGCGGCA.1","s2r1m.GTGGCAAACAGCGGCA.1","PENK+ nociceptors","spatialseq_DF"
"s6r2m.CTATAAGAGCCAATCG.1","s6r2m.CTATAAGAGCCAATCG.1","Aß SA LTMRs","spatialseq_DF"
"s5r1f.CCGAACACTGGGCCTC.1","s5r1f.CCGAACACTGGGCCTC.1","Ad HTMRs","spatialseq_DF"
"s5r2f.TAGAAAGGTGGCGCTA.1","s5r2f.TAGAAAGGTGGCGCTA.1","Aß RA LTMRs","spatialseq_DF"
"s8r2m.AACTTGCCCGTATGCA.1","s8r2m.AACTTGCCCGTATGCA.1","Aß RA LTMRs","spatialseq_DF"
"s7r2f.GGAATGCGCTAGCGTG.1","s7r2f.GGAATGCGCTAGCGTG.1","Aß RA LTMRs","spatialseq_DF"
"s8r2m.GAGCATCATCCCTGGG.1","s8r2m.GAGCATCATCCCTGGG.1","Ad LTMRs","spatialseq_DF"
"s4r2m.CCTGACCACCGATGGT.1","s4r2m.CCTGACCACCGATGGT.1","Pruritogen receptor enriched","spatialseq_DF"
"s3r2f.TCCTTTCTTACGCTTA.1","s3r2f.TCCTTTCTTACGCTTA.1","TRPA1+ nociceptors","spatialseq_DF"
"s8r2m.GGCGAAATCTAACTTG.1","s8r2m.GGCGAAATCTAACTTG.1","PENK+ nociceptors","spatialseq_DF"
"s8r2m.CGGGAGCTTCAGTGTA.1","s8r2m.CGGGAGCTTCAGTGTA.1","TRPA1+ nociceptors","spatialseq_DF"
"s4r1m.GCAGATTAGGGATATC.1","s4r1m.GCAGATTAGGGATATC.1","PENK+ nociceptors","spatialseq_DF"
"s3r2f.GCTATACGTCTCGGAC.1","s3r2f.GCTATACGTCTCGGAC.1","PENK+ nociceptors","spatialseq_DF"
"s5r1f.TCTAGGTGGCGACGCT.1","s5r1f.TCTAGGTGGCGACGCT.1","Pruritogen receptor enriched","spatialseq_DF"
"s4r2m.AAGTTCGGCCAACAGG.1","s4r2m.AAGTTCGGCCAACAGG.1","Ad LTMRs","spatialseq_DF"
"s7r1f.TTGTATCACACAGAAT.1","s7r1f.TTGTATCACACAGAAT.1","Ad HTMRs","spatialseq_DF"
"s7r2f.AAGGTATCCTAATATA.1","s7r2f.AAGGTATCCTAATATA.1","Ad HTMRs","spatialseq_DF"
"s7r1f.TAGCGTCCGGTGTGGT.1","s7r1f.TAGCGTCCGGTGTGGT.1","Cold nociceptors","spatialseq_DF"
"s1r2f.ACGATGCATATGTTAT.1","s1r2f.ACGATGCATATGTTAT.1","TRPA1+ nociceptors","spatialseq_DF"
"s2r2m.CTTATGTTGACTACCA.1","s2r2m.CTTATGTTGACTACCA.1","TRPA1+ nociceptors","spatialseq_DF"
"s5r2f.TCCCTGGCTCGCTGGA.1","s5r2f.TCCCTGGCTCGCTGGA.1","Pruritogen receptor enriched","spatialseq_DF"
"s4r2m.GGTCTGAGAATCTGGA.1","s4r2m.GGTCTGAGAATCTGGA.1","Pruritogen receptor enriched","spatialseq_DF"
"s1r2f.GATCGGTGGCCATAAC.1","s1r2f.GATCGGTGGCCATAAC.1","Aß SA LTMRs","spatialseq_DF"
"s3r1f.GGGCGTGGTTTCCCAG.1","s3r1f.GGGCGTGGTTTCCCAG.1","Aß RA LTMRs","spatialseq_DF"
"s3r2f.GCCGATTGGCCAAGCT.1","s3r2f.GCCGATTGGCCAAGCT.1","TRPA1+ nociceptors","spatialseq_DF"
"s5r1f.TGGCTTTGGGTAGACA.1","s5r1f.TGGCTTTGGGTAGACA.1","Cold nociceptors","spatialseq_DF"
"s4r2m.TGCATGGATCGGATCT.1","s4r2m.TGCATGGATCGGATCT.1","Ad HTMRs","spatialseq_DF"
"s7r1f.CCCTAGTGTCAGGTGT.1","s7r1f.CCCTAGTGTCAGGTGT.1","Ad HTMRs","spatialseq_DF"
"s6r1m.GAAGTCAGTTGCACTA.1","s6r1m.GAAGTCAGTTGCACTA.1","Proprioceptors","spatialseq_DF"
"s3r1f.TTGAGTCCCGCTGCTG.1","s3r1f.TTGAGTCCCGCTGCTG.1","Aß RA LTMRs","spatialseq_DF"
"s5r1f.CTACGACTAGCTATAA.1","s5r1f.CTACGACTAGCTATAA.1","TRPA1+ nociceptors","spatialseq_DF"
"s2r1m.AAACAAGTATCTCCCA.1","s2r1m.AAACAAGTATCTCCCA.1","Aß SA LTMRs","spatialseq_DF"
"s2r1m.ATATCAACCTACAGAG.1","s2r1m.ATATCAACCTACAGAG.1","TRPA1+ nociceptors","spatialseq_DF"
"s2r1m.TGATTTATTAGCTGTG.1","s2r1m.TGATTTATTAGCTGTG.1","PENK+ nociceptors","spatialseq_DF"
"s1r2f.AGATGAGGGTTGCGAT.1","s1r2f.AGATGAGGGTTGCGAT.1","Aß SA LTMRs","spatialseq_DF"
"s8r1m.TGGGCCCATACTAATT.1","s8r1m.TGGGCCCATACTAATT.1","Cold nociceptors","spatialseq_DF"
"s5r1f.TCACATCTTATCTGAT.1","s5r1f.TCACATCTTATCTGAT.1","TRPA1+ nociceptors","spatialseq_DF"
"s1r2f.GACACGAGTTAGAGGA.1","s1r2f.GACACGAGTTAGAGGA.1","Aß RA LTMRs","spatialseq_DF"
"s8r1m.GCTACGACTTATTGGG.1","s8r1m.GCTACGACTTATTGGG.1","TRPA1+ nociceptors","spatialseq_DF"
"s4r2m.CGAAACGCAATTCATG.1","s4r2m.CGAAACGCAATTCATG.1","Aß RA LTMRs","spatialseq_DF"
"s4r2m.CAGCTCACTGAGACAT.1","s4r2m.CAGCTCACTGAGACAT.1","Pruritogen receptor enriched","spatialseq_DF"
"s5r1f.TCTGAATTCCGTACAA.1","s5r1f.TCTGAATTCCGTACAA.1","Cold nociceptors","spatialseq_DF"
"s1r1f.TATGTCTCATTGTGCC.1","s1r1f.TATGTCTCATTGTGCC.1","TRPA1+ nociceptors","spatialseq_DF"
"s4r2m.CGTACCTGATAGGCCT.1","s4r2m.CGTACCTGATAGGCCT.1","TRPA1+ nociceptors","spatialseq_DF"
"s6r1m.GGGACTGCATAGATAG.1","s6r1m.GGGACTGCATAGATAG.1","Aß RA LTMRs","spatialseq_DF"
"s5r2f.GCGCAAATATATTCAA.1","s5r2f.GCGCAAATATATTCAA.1","TRPA1+ nociceptors","spatialseq_DF"
"s5r1f.GTCAGTTGTGCTCGTT.1","s5r1f.GTCAGTTGTGCTCGTT.1","Cold nociceptors","spatialseq_DF"
"s8r1m.TCTTTAGAGTCTAACA.1","s8r1m.TCTTTAGAGTCTAACA.1","TRPA1+ nociceptors","spatialseq_DF"
"s1r2f.CTACTGCCACCTGACC.1","s1r2f.CTACTGCCACCTGACC.1","TRPA1+ nociceptors","spatialseq_DF"
"s4r2m.TTGACTACCATATGGT.1","s4r2m.TTGACTACCATATGGT.1","TRPA1+ nociceptors","spatialseq_DF"
"s6r1m.TAGAGATCATGCAACT.1","s6r1m.TAGAGATCATGCAACT.1","Putative C-LTMRs","spatialseq_DF"
"s4r1m.GACGACGATCCGCGTT.1","s4r1m.GACGACGATCCGCGTT.1","Aß nociceptors","spatialseq_DF"
"s8r2m.CGGTCTATCAACCCGT.1","s8r2m.CGGTCTATCAACCCGT.1","Aß RA LTMRs","spatialseq_DF"
"s7r1f.AGTGCACGCTTAAGAA.1","s7r1f.AGTGCACGCTTAAGAA.1","TRPA1+ nociceptors","spatialseq_DF"
"s8r2m.TGAAAGGACCTGACTC.1","s8r2m.TGAAAGGACCTGACTC.1","Pruritogen receptor enriched","spatialseq_DF"
"s5r1f.TGATCCCAGCATTAGT.1","s5r1f.TGATCCCAGCATTAGT.1","Aß RA LTMRs","spatialseq_DF"
"s5r1f.CGGTTATCCAACAGTG.1","s5r1f.CGGTTATCCAACAGTG.1","Pruritogen receptor enriched","spatialseq_DF"
"s5r2f.AATCTGCGTTGGGACG.1","s5r2f.AATCTGCGTTGGGACG.1","Proprioceptors","spatialseq_DF"
"s8r1m.ATCAATCTGGGCTGCA.1","s8r1m.ATCAATCTGGGCTGCA.1","Cold nociceptors","spatialseq_DF"
"s8r2m.AGGACAGTCGAATCCC.1","s8r2m.AGGACAGTCGAATCCC.1","TRPA1+ nociceptors","spatialseq_DF"
"s5r1f.AGTAGGAAGGAAGTTG.1","s5r1f.AGTAGGAAGGAAGTTG.1","TRPA1+ nociceptors","spatialseq_DF"
"s7r2f.CGTAGCGCCGACGTTG.1","s7r2f.CGTAGCGCCGACGTTG.1","TRPA1+ nociceptors","spatialseq_DF"
"s2r2m.ATTACTAGCCTCTTGC.1","s2r2m.ATTACTAGCCTCTTGC.1","TRPA1+ nociceptors","spatialseq_DF"
"s5r2f.TATCTACCACAGCGGG.1","s5r2f.TATCTACCACAGCGGG.1","Aß RA LTMRs","spatialseq_DF"
"s8r2m.TGTCCTAAGTCACCGC.1","s8r2m.TGTCCTAAGTCACCGC.1","Aß RA LTMRs","spatialseq_DF"
"s7r2f.CGGTTCAAGTAGGTGT.1","s7r2f.CGGTTCAAGTAGGTGT.1","Aß SA LTMRs","spatialseq_DF"
"s6r1m.GCTAGCTTGAATAGCT.1","s6r1m.GCTAGCTTGAATAGCT.1","Aß RA LTMRs","spatialseq_DF"
"s2r1m.GACGGTCAATAGAAGC.1","s2r1m.GACGGTCAATAGAAGC.1","PENK+ nociceptors","spatialseq_DF"
"s7r1f.TCTGACGGGCTAACCC.1","s7r1f.TCTGACGGGCTAACCC.1","PENK+ nociceptors","spatialseq_DF"
"s5r2f.GCAGACCCAGCACGTA.1","s5r2f.GCAGACCCAGCACGTA.1","Aß SA LTMRs","spatialseq_DF"
"s4r2m.GCCCGATCTGTGGTCG.1","s4r2m.GCCCGATCTGTGGTCG.1","Putative C-LTMRs","spatialseq_DF"
"s5r1f.ATTGGGAATATCTTGG.1","s5r1f.ATTGGGAATATCTTGG.1","TRPA1+ nociceptors","spatialseq_DF"
"s3r2f.CCTGTCGCCCGTAAAT.1","s3r2f.CCTGTCGCCCGTAAAT.1","TRPA1+ nociceptors","spatialseq_DF"
"s5r1f.GATGTCGGTCAACTGC.1","s5r1f.GATGTCGGTCAACTGC.1","Aß RA LTMRs","spatialseq_DF"
"s5r2f.TGGCTCTTGTCGCGTA.1","s5r2f.TGGCTCTTGTCGCGTA.1","Cold nociceptors","spatialseq_DF"
"s5r2f.TAAGTAACATCTTGAC.1","s5r2f.TAAGTAACATCTTGAC.1","Proprioceptors","spatialseq_DF"
"s4r2m.GGCGGTAGGATCATTG.1","s4r2m.GGCGGTAGGATCATTG.1","Aß RA LTMRs","spatialseq_DF"
"s3r1f.GCCTATAGTGTCAGGG.1","s3r1f.GCCTATAGTGTCAGGG.1","Pruritogen receptor enriched","spatialseq_DF"
"s5r1f.TAGTTAAGATAGGATA.1","s5r1f.TAGTTAAGATAGGATA.1","Cold nociceptors","spatialseq_DF"
"s1r2f.AAGGCTGTGCTCATCG.1","s1r2f.AAGGCTGTGCTCATCG.1","TRPA1+ nociceptors","spatialseq_DF"
"s4r2m.AGATAACTTCAGGGCC.1","s4r2m.AGATAACTTCAGGGCC.1","Cold nociceptors","spatialseq_DF"
"s8r2m.GACGCCGTAAAGGCTA.1","s8r2m.GACGCCGTAAAGGCTA.1","TRPA1+ nociceptors","spatialseq_DF"
"s3r1f.CTCATTGCTCTAACAA.1","s3r1f.CTCATTGCTCTAACAA.1","Pruritogen receptor enriched","spatialseq_DF"
"s2r1m.AACTCTCAATAGAGCG.1","s2r1m.AACTCTCAATAGAGCG.1","TRPA1+ nociceptors","spatialseq_DF"
"s6r2m.GAGAACGGTTCTGACT.1","s6r2m.GAGAACGGTTCTGACT.1","Ad HTMRs","spatialseq_DF"
"s7r2f.TGGAACCACTGACACA.1","s7r2f.TGGAACCACTGACACA.1","Aß RA LTMRs","spatialseq_DF"
"s6r2m.TAGCTAGTGATGATGG.1","s6r2m.TAGCTAGTGATGATGG.1","Aß SA LTMRs","spatialseq_DF"
"s2r1m.AAACAGGGTCTATATT.1","s2r1m.AAACAGGGTCTATATT.1","Putative C-LTMRs","spatialseq_DF"
"s6r2m.ACGCGGGCCAAGGACA.1","s6r2m.ACGCGGGCCAAGGACA.1","Cold nociceptors","spatialseq_DF"
"s3r1f.CCTAACTAAGGCTCTA.1","s3r1f.CCTAACTAAGGCTCTA.1","Ad HTMRs","spatialseq_DF"
"s7r2f.GTCCCAACGTAAAGTA.1","s7r2f.GTCCCAACGTAAAGTA.1","TRPA1+ nociceptors","spatialseq_DF"
"s4r2m.AGCACTTAAGGACGCC.1","s4r2m.AGCACTTAAGGACGCC.1","Ad HTMRs","spatialseq_DF"
"s7r2f.CAATACGAGAGTCTGA.1","s7r2f.CAATACGAGAGTCTGA.1","Cold nociceptors","spatialseq_DF"
"s4r2m.GATATGAGACACTAAC.1","s4r2m.GATATGAGACACTAAC.1","Pruritogen receptor enriched","spatialseq_DF"
"s8r2m.AGTACTCTTATGCCCA.1","s8r2m.AGTACTCTTATGCCCA.1","TRPA1+ nociceptors","spatialseq_DF"
"s6r1m.TATTTGATTTGCACAG.1","s6r1m.TATTTGATTTGCACAG.1","Cold nociceptors","spatialseq_DF"
"s5r2f.ACAGAACTGAGAACAA.1","s5r2f.ACAGAACTGAGAACAA.1","Ad HTMRs","spatialseq_DF"
"s2r1m.TCACGATGTCCGTGGA.1","s2r1m.TCACGATGTCCGTGGA.1","TRPA1+ nociceptors","spatialseq_DF"
"s5r2f.TTGATTATGCAGATGA.1","s5r2f.TTGATTATGCAGATGA.1","Pruritogen receptor enriched","spatialseq_DF"
"s8r2m.TACTGGACAGCTCGGC.1","s8r2m.TACTGGACAGCTCGGC.1","Aß SA LTMRs","spatialseq_DF"
"s1r2f.GCTAGGCACCACGGAG.1","s1r2f.GCTAGGCACCACGGAG.1","Proprioceptors","spatialseq_DF"
"s5r1f.GGATACTCATGAATTG.1","s5r1f.GGATACTCATGAATTG.1","PENK+ nociceptors","spatialseq_DF"
"s1r2f.ACGTATTACTCCGATC.1","s1r2f.ACGTATTACTCCGATC.1","Pruritogen receptor enriched","spatialseq_DF"
"s5r1f.TGTCCGTGGCGCCTTT.1","s5r1f.TGTCCGTGGCGCCTTT.1","Aß RA LTMRs","spatialseq_DF"
"s2r1m.ACTCCCTAGAATAGTA.1","s2r1m.ACTCCCTAGAATAGTA.1","Aß RA LTMRs","spatialseq_DF"
"s7r2f.GCGAGAGTTGCGTCCA.1","s7r2f.GCGAGAGTTGCGTCCA.1","Aß SA LTMRs","spatialseq_DF"
"s3r2f.ATCCAACGCAGTCATA.1","s3r2f.ATCCAACGCAGTCATA.1","Aß SA LTMRs","spatialseq_DF"
"s1r2f.CATGACTTCGCTGAAT.1","s1r2f.CATGACTTCGCTGAAT.1","Ad HTMRs","spatialseq_DF"
"s5r1f.TGTATCCTTATTCCAT.1","s5r1f.TGTATCCTTATTCCAT.1","Pruritogen receptor enriched","spatialseq_DF"
"s4r2m.GTGGGCTTAGACACAC.1","s4r2m.GTGGGCTTAGACACAC.1","TRPA1+ nociceptors","spatialseq_DF"
"s1r2f.GTTGGATTCAGTGGCT.1","s1r2f.GTTGGATTCAGTGGCT.1","Ad LTMRs","spatialseq_DF"
"s6r2m.TGCCATTACTAAAGAA.1","s6r2m.TGCCATTACTAAAGAA.1","Aß RA LTMRs","spatialseq_DF"
"s7r2f.CTCTGTTTGAGGATTC.1","s7r2f.CTCTGTTTGAGGATTC.1","Putative C-LTMRs","spatialseq_DF"
"s5r2f.GCTACAGTACGGACCG.1","s5r2f.GCTACAGTACGGACCG.1","PENK+ nociceptors","spatialseq_DF"
"s3r2f.CGCTATTCTTAGGCTC.1","s3r2f.CGCTATTCTTAGGCTC.1","TRPA1+ nociceptors","spatialseq_DF"
"s8r1m.TGGGCAGGCCACCGCA.1","s8r1m.TGGGCAGGCCACCGCA.1","PENK+ nociceptors","spatialseq_DF"
"s4r2m.AGCACTACCTCACCAG.1","s4r2m.AGCACTACCTCACCAG.1","Aß RA LTMRs","spatialseq_DF"
"s2r2m.CGGTTGACCTGGCATA.1","s2r2m.CGGTTGACCTGGCATA.1","PENK+ nociceptors","spatialseq_DF"
"s5r1f.TGGTGATCGTATTTGT.1","s5r1f.TGGTGATCGTATTTGT.1","Pruritogen receptor enriched","spatialseq_DF"
"s7r1f.TTGGGACGTAAGAGTT.1","s7r1f.TTGGGACGTAAGAGTT.1","Putative C-LTMRs","spatialseq_DF"
"s2r1m.AACGATAATGCCGTAG.1","s2r1m.AACGATAATGCCGTAG.1","Aß SA LTMRs","spatialseq_DF"
"s4r2m.AGAGAACCGTCTAGGA.1","s4r2m.AGAGAACCGTCTAGGA.1","Pruritogen receptor enriched","spatialseq_DF"
"s7r2f.TTATAGATGCACATTA.1","s7r2f.TTATAGATGCACATTA.1","Proprioceptors","spatialseq_DF"
"s7r1f.CCTCGAAGTGGACGGG.1","s7r1f.CCTCGAAGTGGACGGG.1","Ad HTMRs","spatialseq_DF"
"s1r2f.TTAACACCTCGAACAT.1","s1r2f.TTAACACCTCGAACAT.1","Aß RA LTMRs","spatialseq_DF"
"s3r2f.CAACTGCTCATCCGAT.1","s3r2f.CAACTGCTCATCCGAT.1","Ad HTMRs","spatialseq_DF"
"s5r2f.GCGGAGAGGGAGAACG.1","s5r2f.GCGGAGAGGGAGAACG.1","Aß RA LTMRs","spatialseq_DF"
"s8r1m.GGGCGTGGTTTCCCAG.1","s8r1m.GGGCGTGGTTTCCCAG.1","Aß RA LTMRs","spatialseq_DF"
"s6r1m.CACAGGGCCGTTGTCA.1","s6r1m.CACAGGGCCGTTGTCA.1","Aß RA LTMRs","spatialseq_DF"
"s6r1m.CCTGGTCGAATGTGGG.1","s6r1m.CCTGGTCGAATGTGGG.1","Aß RA LTMRs","spatialseq_DF"
"s5r2f.AAGTTCGGCCAACAGG.1","s5r2f.AAGTTCGGCCAACAGG.1","Aß RA LTMRs","spatialseq_DF"
"s3r2f.ATCCAGAGCAACAACC.1","s3r2f.ATCCAGAGCAACAACC.1","Cold nociceptors","spatialseq_DF"
"s7r2f.TGTTGTCAAGAAGTCT.1","s7r2f.TGTTGTCAAGAAGTCT.1","Ad HTMRs","spatialseq_DF"
"s2r1m.GGGAGTTAATGAGGCG.1","s2r1m.GGGAGTTAATGAGGCG.1","Pruritogen receptor enriched","spatialseq_DF"
"s8r2m.GTTACAATTGGTGACG.1","s8r2m.GTTACAATTGGTGACG.1","Ad LTMRs","spatialseq_DF"
"s2r1m.GGTAGAAGACCGCCTG.1","s2r1m.GGTAGAAGACCGCCTG.1","Ad LTMRs","spatialseq_DF"
"s4r2m.TAATACACAGTAGTAT.1","s4r2m.TAATACACAGTAGTAT.1","Aß SA LTMRs","spatialseq_DF"
"s5r1f.GGTGCGGATAAGTGGC.1","s5r1f.GGTGCGGATAAGTGGC.1","Cold nociceptors","spatialseq_DF"
"s4r2m.CCGCACAAAGACCAAC.1","s4r2m.CCGCACAAAGACCAAC.1","Putative C-LTMRs","spatialseq_DF"
"s1r2f.CATATGTCAGGCTACG.1","s1r2f.CATATGTCAGGCTACG.1","TRPA1+ nociceptors","spatialseq_DF"
"s6r1m.GTAGCCAAACATGGGA.1","s6r1m.GTAGCCAAACATGGGA.1","TRPA1+ nociceptors","spatialseq_DF"
"s2r1m.GAATGTGGTCCGGATT.1","s2r1m.GAATGTGGTCCGGATT.1","Pruritogen receptor enriched","spatialseq_DF"
"s3r1f.TTCGGGTTGCCACGGG.1","s3r1f.TTCGGGTTGCCACGGG.1","Ad HTMRs","spatialseq_DF"
"s2r1m.CCTAACCCAAACAAGT.1","s2r1m.CCTAACCCAAACAAGT.1","Aß RA LTMRs","spatialseq_DF"
"s3r2f.TACGACTGCCTCTTAG.1","s3r2f.TACGACTGCCTCTTAG.1","Aß RA LTMRs","spatialseq_DF"
"s4r1m.GCTAAGTAGTTTCTCT.1","s4r1m.GCTAAGTAGTTTCTCT.1","Cold nociceptors","spatialseq_DF"
"s6r1m.CACCGTTAGGGATCAC.1","s6r1m.CACCGTTAGGGATCAC.1","Aß RA LTMRs","spatialseq_DF"
"s3r2f.ACCAACGCTTATTTAT.1","s3r2f.ACCAACGCTTATTTAT.1","Ad HTMRs","spatialseq_DF"
"s5r1f.TCTCGAACGAGGTCAC.1","s5r1f.TCTCGAACGAGGTCAC.1","Aß SA LTMRs","spatialseq_DF"
"s2r1m.CGGCCACGCACAAAGT.1","s2r1m.CGGCCACGCACAAAGT.1","Aß RA LTMRs","spatialseq_DF"
"s8r2m.CAATGTGCCAACCCTT.1","s8r2m.CAATGTGCCAACCCTT.1","Cold nociceptors","spatialseq_DF"
"s4r1m.TTAAACTCGAATTCAT.1","s4r1m.TTAAACTCGAATTCAT.1","PENK+ nociceptors","spatialseq_DF"
"s1r2f.GATCGGATAGAACCAT.1","s1r2f.GATCGGATAGAACCAT.1","Ad LTMRs","spatialseq_DF"
"s6r1m.TGATGTCAATTAAGTG.1","s6r1m.TGATGTCAATTAAGTG.1","Pruritogen receptor enriched","spatialseq_DF"
"s1r2f.TTAGCTGATTTGCCGT.1","s1r2f.TTAGCTGATTTGCCGT.1","TRPA1+ nociceptors","spatialseq_DF"
"s5r1f.TTGGAAGAATACAGTC.1","s5r1f.TTGGAAGAATACAGTC.1","Aß nociceptors","spatialseq_DF"
"s7r1f.AAATTAACGGGTAGCT.1","s7r1f.AAATTAACGGGTAGCT.1","Aß RA LTMRs","spatialseq_DF"
"s3r2f.TGTTCGTATTGCGGTG.1","s3r2f.TGTTCGTATTGCGGTG.1","Aß SA LTMRs","spatialseq_DF"
"s1r2f.CAGCAGCCCGTTCCTT.1","s1r2f.CAGCAGCCCGTTCCTT.1","Aß SA LTMRs","spatialseq_DF"
"s1r2f.TATACACGCAAAGTAT.1","s1r2f.TATACACGCAAAGTAT.1","TRPA1+ nociceptors","spatialseq_DF"
"s6r2m.TTATCCGGGATCTATA.1","s6r2m.TTATCCGGGATCTATA.1","Proprioceptors","spatialseq_DF"
"s3r1f.GCCCGTAATACCTTCT.1","s3r1f.GCCCGTAATACCTTCT.1","Putative silent nociceptors","spatialseq_DF"
"s4r2m.GGTGATAAGGAGCAGT.1","s4r2m.GGTGATAAGGAGCAGT.1","Putative C-LTMRs","spatialseq_DF"
"s7r2f.AATATCGAATCAATGC.1","s7r2f.AATATCGAATCAATGC.1","Aß RA LTMRs","spatialseq_DF"
"s1r1f.ACCAATATGCAAGTTA.1","s1r1f.ACCAATATGCAAGTTA.1","Cold nociceptors","spatialseq_DF"
"s8r1m.GGGCCGGCCGAAGTAC.1","s8r1m.GGGCCGGCCGAAGTAC.1","TRPA1+ nociceptors","spatialseq_DF"
"s6r2m.AGCACCAGTACTCACG.1","s6r2m.AGCACCAGTACTCACG.1","TRPA1+ nociceptors","spatialseq_DF"
"s7r2f.TATCACCCAACCGACC.1","s7r2f.TATCACCCAACCGACC.1","Aß RA LTMRs","spatialseq_DF"
"s4r2m.GTGTATATCAGCGGGC.1","s4r2m.GTGTATATCAGCGGGC.1","TRPA1+ nociceptors","spatialseq_DF"
"s4r2m.TAGATGGTTCCTTACT.1","s4r2m.TAGATGGTTCCTTACT.1","Aß RA LTMRs","spatialseq_DF"
"s5r2f.GTGCTCAAGTACTGTC.1","s5r2f.GTGCTCAAGTACTGTC.1","Aß RA LTMRs","spatialseq_DF"
"s4r1m.TTCAAAGTCTCTAGCC.1","s4r1m.TTCAAAGTCTCTAGCC.1","Aß RA LTMRs","spatialseq_DF"
"s3r2f.AATGACTGTCAGCCGG.1","s3r2f.AATGACTGTCAGCCGG.1","PENK+ nociceptors","spatialseq_DF"
"s3r1f.CCAATTACGGGTCGAG.1","s3r1f.CCAATTACGGGTCGAG.1","Aß RA LTMRs","spatialseq_DF"
"s2r2m.CTACGCACGGAGTACC.1","s2r2m.CTACGCACGGAGTACC.1","PENK+ nociceptors","spatialseq_DF"
"s8r2m.AATTAAAGGTCGGCGT.1","s8r2m.AATTAAAGGTCGGCGT.1","Aß RA LTMRs","spatialseq_DF"
"s7r2f.CTGTCAAATGGCTCGG.1","s7r2f.CTGTCAAATGGCTCGG.1","Ad HTMRs","spatialseq_DF"
"s1r2f.CCCGAAGTTTCGCGAA.1","s1r2f.CCCGAAGTTTCGCGAA.1","Proprioceptors","spatialseq_DF"
"s7r2f.ATGCTTAGGAGTTGAT.1","s7r2f.ATGCTTAGGAGTTGAT.1","Aß SA LTMRs","spatialseq_DF"
"s8r1m.GCAGCCTATATCACAT.1","s8r1m.GCAGCCTATATCACAT.1","Ad HTMRs","spatialseq_DF"
"s2r1m.ATCCTGCGTGGAATGG.1","s2r1m.ATCCTGCGTGGAATGG.1","Putative C-LTMRs","spatialseq_DF"
"s6r1m.CACACACGCTAACGAG.1","s6r1m.CACACACGCTAACGAG.1","TRPA1+ nociceptors","spatialseq_DF"
"s5r2f.ATATCTCCCTCGTTAA.1","s5r2f.ATATCTCCCTCGTTAA.1","Aß SA LTMRs","spatialseq_DF"
"s7r2f.GAGCCACGGTAGTAGG.1","s7r2f.GAGCCACGGTAGTAGG.1","Ad LTMRs","spatialseq_DF"
"s4r2m.GCCGATTGGCCAAGCT.1","s4r2m.GCCGATTGGCCAAGCT.1","Ad HTMRs","spatialseq_DF"
"s1r2f.ACGGGAGTGTCGGCCC.1","s1r2f.ACGGGAGTGTCGGCCC.1","TRPA1+ nociceptors","spatialseq_DF"
"s5r1f.GTTCCAGTCTGACCAT.1","s5r1f.GTTCCAGTCTGACCAT.1","Cold nociceptors","spatialseq_DF"
"s8r2m.TTCACTCGAGCACCTA.1","s8r2m.TTCACTCGAGCACCTA.1","Cold nociceptors","spatialseq_DF"
"s6r2m.TTGCCTTCTCGCCGGG.1","s6r2m.TTGCCTTCTCGCCGGG.1","Ad HTMRs","spatialseq_DF"
"s5r2f.CCATTAGCGATAATCC.1","s5r2f.CCATTAGCGATAATCC.1","TRPA1+ nociceptors","spatialseq_DF"
"s8r1m.TCTTTAGCAGGCGAAC.1","s8r1m.TCTTTAGCAGGCGAAC.1","TRPA1+ nociceptors","spatialseq_DF"
"s1r2f.CACGTTCGTGCTCTAG.1","s1r2f.CACGTTCGTGCTCTAG.1","Pruritogen receptor enriched","spatialseq_DF"
"s7r2f.CCCGAGTTTCTCCGTA.1","s7r2f.CCCGAGTTTCTCCGTA.1","Ad HTMRs","spatialseq_DF"
"s3r1f.AATGGTTCTCACAAGC.1","s3r1f.AATGGTTCTCACAAGC.1","Aß SA LTMRs","spatialseq_DF"
"s4r2m.ACTTCAGGCTGATCCC.1","s4r2m.ACTTCAGGCTGATCCC.1","TRPA1+ nociceptors","spatialseq_DF"
"s1r2f.TCGCTCGGCACCAGCG.1","s1r2f.TCGCTCGGCACCAGCG.1","Cold nociceptors","spatialseq_DF"
"s3r1f.CATACGGCGTCTGGGC.1","s3r1f.CATACGGCGTCTGGGC.1","Putative silent nociceptors","spatialseq_DF"
"s5r1f.AGTTACTCTATCGTGG.1","s5r1f.AGTTACTCTATCGTGG.1","TRPA1+ nociceptors","spatialseq_DF"
"s4r2m.TAACTCATCCGCGCGG.1","s4r2m.TAACTCATCCGCGCGG.1","Putative C-LTMRs","spatialseq_DF"
"s4r1m.CCAAGCGTAACTCGTA.1","s4r1m.CCAAGCGTAACTCGTA.1","Cold nociceptors","spatialseq_DF"
"s6r1m.TTCTTGTAACCTAATG.1","s6r1m.TTCTTGTAACCTAATG.1","Aß RA LTMRs","spatialseq_DF"
"s2r2m.AGCTCTTTACTCAGTT.1","s2r2m.AGCTCTTTACTCAGTT.1","Aß nociceptors","spatialseq_DF"
"s1r1f.AGCCCGGTAGCCTGTA.1","s1r1f.AGCCCGGTAGCCTGTA.1","Cold nociceptors","spatialseq_DF"
"s7r1f.CGTGCTGGCCTAGTCG.1","s7r1f.CGTGCTGGCCTAGTCG.1","Aß RA LTMRs","spatialseq_DF"
"s2r1m.ATACAGGCCCTCCAAT.1","s2r1m.ATACAGGCCCTCCAAT.1","Proprioceptors","spatialseq_DF"
"s7r1f.CCCAGGTCTGAAGGCT.1","s7r1f.CCCAGGTCTGAAGGCT.1","PENK+ nociceptors","spatialseq_DF"
"s8r1m.ATGGAACCTTTGCACA.1","s8r1m.ATGGAACCTTTGCACA.1","Aß nociceptors","spatialseq_DF"
"s4r2m.CTGTTACCCAATCTAG.1","s4r2m.CTGTTACCCAATCTAG.1","Ad LTMRs","spatialseq_DF"
"s8r2m.AAGAGATGAATCGGTA.1","s8r2m.AAGAGATGAATCGGTA.1","Aß RA LTMRs","spatialseq_DF"
"s7r1f.GTCCTACAGGCGGCTC.1","s7r1f.GTCCTACAGGCGGCTC.1","Aß SA LTMRs","spatialseq_DF"
"s4r2m.TATGATCTTCTCTTTA.1","s4r2m.TATGATCTTCTCTTTA.1","Proprioceptors","spatialseq_DF"
"s8r1m.TGTGGCTCCCACCAAC.1","s8r1m.TGTGGCTCCCACCAAC.1","Pruritogen receptor enriched","spatialseq_DF"
"s3r1f.TTCGCTAGGAAGTTGT.1","s3r1f.TTCGCTAGGAAGTTGT.1","Ad HTMRs","spatialseq_DF"
"s1r2f.GATATTGAGATTGGCG.1","s1r2f.GATATTGAGATTGGCG.1","Ad HTMRs","spatialseq_DF"
"s5r2f.GCGCTAATTGAATAGA.1","s5r2f.GCGCTAATTGAATAGA.1","Aß SA LTMRs","spatialseq_DF"
"s3r2f.GCCCAGTTGGTATGCC.1","s3r2f.GCCCAGTTGGTATGCC.1","Ad LTMRs","spatialseq_DF"
"s2r1m.CTTCTATGTTGAAGTA.1","s2r1m.CTTCTATGTTGAAGTA.1","TRPA1+ nociceptors","spatialseq_DF"
"s3r1f.GGCTCGTGCCACCAGC.1","s3r1f.GGCTCGTGCCACCAGC.1","TRPA1+ nociceptors","spatialseq_DF"
"s7r1f.GCTAAACCTGAGGTGA.1","s7r1f.GCTAAACCTGAGGTGA.1","Aß nociceptors","spatialseq_DF"
"s6r2m.CGGGATCAATGTAAGA.1","s6r2m.CGGGATCAATGTAAGA.1","Pruritogen receptor enriched","spatialseq_DF"
"s8r1m.CCAACTTGATAGATCC.1","s8r1m.CCAACTTGATAGATCC.1","Aß RA LTMRs","spatialseq_DF"
"s3r2f.GCGCTATGCCGAGGCA.1","s3r2f.GCGCTATGCCGAGGCA.1","Cold nociceptors","spatialseq_DF"
"s1r1f.TCCGATAATTGCCATA.1","s1r1f.TCCGATAATTGCCATA.1","Proprioceptors","spatialseq_DF"
"s7r2f.TCTGAGCAATTGACTG.1","s7r2f.TCTGAGCAATTGACTG.1","TRPA1+ nociceptors","spatialseq_DF"
"s6r2m.TTACACGATCTGCGAC.1","s6r2m.TTACACGATCTGCGAC.1","Ad HTMRs","spatialseq_DF"
"s8r2m.CAGTTCCGCGGGTCGA.1","s8r2m.CAGTTCCGCGGGTCGA.1","Aß RA LTMRs","spatialseq_DF"
"s3r1f.ACGCAATCACTACAGC.1","s3r1f.ACGCAATCACTACAGC.1","Aß SA LTMRs","spatialseq_DF"
"s8r2m.AGGCTATGGTTAGCTT.1","s8r2m.AGGCTATGGTTAGCTT.1","Aß nociceptors","spatialseq_DF"
"s3r1f.CAACTCCTTGATCCCG.1","s3r1f.CAACTCCTTGATCCCG.1","PENK+ nociceptors","spatialseq_DF"
"s7r2f.AGAGCGGGCTAATCAT.1","s7r2f.AGAGCGGGCTAATCAT.1","TRPA1+ nociceptors","spatialseq_DF"
"s5r2f.ATAGAGTTATCAACTT.1","s5r2f.ATAGAGTTATCAACTT.1","Aß SA LTMRs","spatialseq_DF"
"s1r2f.CTGAATTTATTGCCAG.1","s1r2f.CTGAATTTATTGCCAG.1","Ad HTMRs","spatialseq_DF"
"s7r1f.ACACACTTTCTACACG.1","s7r1f.ACACACTTTCTACACG.1","TRPA1+ nociceptors","spatialseq_DF"
"s1r1f.TTGACCATGTTCTCCG.1","s1r1f.TTGACCATGTTCTCCG.1","Aß RA LTMRs","spatialseq_DF"
"s4r1m.CCATAAACAACCCGAC.1","s4r1m.CCATAAACAACCCGAC.1","Aß RA LTMRs","spatialseq_DF"
"s2r2m.TCAAATTTGAGACTCA.1","s2r2m.TCAAATTTGAGACTCA.1","TRPA1+ nociceptors","spatialseq_DF"
"s5r2f.GACTACAAAGCGGTGG.1","s5r2f.GACTACAAAGCGGTGG.1","Aß RA LTMRs","spatialseq_DF"
"s6r1m.GATCTGCTATCTAAGG.1","s6r1m.GATCTGCTATCTAAGG.1","PENK+ nociceptors","spatialseq_DF"
"s3r2f.CCTGGCTAGACCCGCC.1","s3r2f.CCTGGCTAGACCCGCC.1","Ad HTMRs","spatialseq_DF"
"s1r1f.GGTTTCAATCGGTCAG.1","s1r1f.GGTTTCAATCGGTCAG.1","Pruritogen receptor enriched","spatialseq_DF"
"s7r2f.CAATGCGAGAAGTATC.1","s7r2f.CAATGCGAGAAGTATC.1","PENK+ nociceptors","spatialseq_DF"
"s4r2m.TGATGTCAATTAAGTG.1","s4r2m.TGATGTCAATTAAGTG.1","Aß RA LTMRs","spatialseq_DF"
"s7r2f.TCCGTTTAGCCTTGAA.1","s7r2f.TCCGTTTAGCCTTGAA.1","PENK+ nociceptors","spatialseq_DF"
"s5r1f.TCTTACAGAGGTACCG.1","s5r1f.TCTTACAGAGGTACCG.1","TRPA1+ nociceptors","spatialseq_DF"
"s4r2m.AAGGATGAGGGACCTC.1","s4r2m.AAGGATGAGGGACCTC.1","TRPA1+ nociceptors","spatialseq_DF"
"s5r2f.CTTTACCGAATAGTAG.1","s5r2f.CTTTACCGAATAGTAG.1","Aß RA LTMRs","spatialseq_DF"
"s5r1f.TTACAACTACGCATCC.1","s5r1f.TTACAACTACGCATCC.1","Ad HTMRs","spatialseq_DF"
"s3r1f.CGCTTTCTTGCATTCG.1","s3r1f.CGCTTTCTTGCATTCG.1","Aß nociceptors","spatialseq_DF"
"s7r2f.GGTTCTACTCGTCTGA.1","s7r2f.GGTTCTACTCGTCTGA.1","PENK+ nociceptors","spatialseq_DF"
"s1r2f.GACTCACCCACGTGAG.1","s1r2f.GACTCACCCACGTGAG.1","Aß RA LTMRs","spatialseq_DF"
"s5r1f.TGCTGGTTGGACAATT.1","s5r1f.TGCTGGTTGGACAATT.1","Ad HTMRs","spatialseq_DF"
"s5r2f.CGCGCCCGACTTAATA.1","s5r2f.CGCGCCCGACTTAATA.1","Pruritogen receptor enriched","spatialseq_DF"
"s8r1m.CTAGATGTGAGTGTAA.1","s8r1m.CTAGATGTGAGTGTAA.1","Pruritogen receptor enriched","spatialseq_DF"
"s4r1m.GATATGAGACACTAAC.1","s4r1m.GATATGAGACACTAAC.1","TRPA1+ nociceptors","spatialseq_DF"
"s2r2m.GCTGCACGGTTTCTTA.1","s2r2m.GCTGCACGGTTTCTTA.1","PENK+ nociceptors","spatialseq_DF"
"s3r2f.GGTACAAACATGCTAT.1","s3r2f.GGTACAAACATGCTAT.1","PENK+ nociceptors","spatialseq_DF"
"s4r1m.GCTCTAAACCCTGACG.1","s4r1m.GCTCTAAACCCTGACG.1","Aß RA LTMRs","spatialseq_DF"
"s5r1f.GTGGCGGTCCCAGCGT.1","s5r1f.GTGGCGGTCCCAGCGT.1","Cold nociceptors","spatialseq_DF"
"s5r2f.GTTCGCCATAAGTGCC.1","s5r2f.GTTCGCCATAAGTGCC.1","Ad HTMRs","spatialseq_DF"
"s7r2f.ACATCCTGGTAACTGT.1","s7r2f.ACATCCTGGTAACTGT.1","Ad HTMRs","spatialseq_DF"
"s8r2m.GTTGAACCGGTTCCAT.1","s8r2m.GTTGAACCGGTTCCAT.1","Pruritogen receptor enriched","spatialseq_DF"
"s5r2f.CATTGCGAAATGGGCG.1","s5r2f.CATTGCGAAATGGGCG.1","Aß nociceptors","spatialseq_DF"
"s1r2f.AAACGAGACGGTTGAT.1","s1r2f.AAACGAGACGGTTGAT.1","PENK+ nociceptors","spatialseq_DF"
"s5r1f.CAGACCTGTAAGTGTT.1","s5r1f.CAGACCTGTAAGTGTT.1","Aß RA LTMRs","spatialseq_DF"
"s6r1m.TGGTAGAATATATGGG.1","s6r1m.TGGTAGAATATATGGG.1","Cold nociceptors","spatialseq_DF"
"s4r1m.GATATTGAGATTGGCG.1","s4r1m.GATATTGAGATTGGCG.1","Aß SA LTMRs","spatialseq_DF"
"s7r1f.GTTGCGGACGGTCAGG.1","s7r1f.GTTGCGGACGGTCAGG.1","Ad HTMRs","spatialseq_DF"
"s2r2m.GACAGCCAGACCTGAC.1","s2r2m.GACAGCCAGACCTGAC.1","Ad HTMRs","spatialseq_DF"
"s1r1f.TACGGGATGCTAGCAG.1","s1r1f.TACGGGATGCTAGCAG.1","TRPA1+ nociceptors","spatialseq_DF"
"s2r1m.AGTCGTGGGCATTACG.1","s2r1m.AGTCGTGGGCATTACG.1","Aß RA LTMRs","spatialseq_DF"
"s5r1f.GCGGGAACCAGGCCCT.1","s5r1f.GCGGGAACCAGGCCCT.1","Putative silent nociceptors","spatialseq_DF"
"s2r2m.TATGGTCTGAGTAACA.1","s2r2m.TATGGTCTGAGTAACA.1","Aß RA LTMRs","spatialseq_DF"
"s3r2f.ATAGTGAAGCGTTCTC.1","s3r2f.ATAGTGAAGCGTTCTC.1","Ad HTMRs","spatialseq_DF"
"s5r2f.AGGTTGAGGCACGCTT.1","s5r2f.AGGTTGAGGCACGCTT.1","Aß SA LTMRs","spatialseq_DF"
"s5r2f.ATATGTCTCCCTAGCC.1","s5r2f.ATATGTCTCCCTAGCC.1","Aß RA LTMRs","spatialseq_DF"
"s4r1m.ATAAGTAGGATTCAGA.1","s4r1m.ATAAGTAGGATTCAGA.1","Aß RA LTMRs","spatialseq_DF"
"s3r2f.GCTGGCGGCGCATGCT.1","s3r2f.GCTGGCGGCGCATGCT.1","Aß SA LTMRs","spatialseq_DF"
"s6r2m.CAGTTCAAATTGACAC.1","s6r2m.CAGTTCAAATTGACAC.1","Aß RA LTMRs","spatialseq_DF"
