"","celltype","techniques"
"AATTCCTAGGTTGGAC.1.H3","H7","nucleuseq_MN"
"GCACGTGTCATTTCCA.1.H5","H7","nucleuseq_MN"
"TAAGTCGTCGTCGACG.1.H5","H3","nucleuseq_MN"
"GTCTCACTCTAGACCA.1.H4","H7","nucleuseq_MN"
"AACCGCGGTTTACTCT.1.H2","H1","nucleuseq_MN"
"TTAGTCTCACAAGTTC.1.H3","H14","nucleuseq_MN"
"CGGGACTTCCCGTTGT.1.H3","H7","nucleuseq_MN"
"CTGCTCAAGCTTCGTA.1.H3","H7","nucleuseq_MN"
"TAAGCGTAGCACTCTA.1.H4","H1","nucleuseq_MN"
"TCTATCAGTTGCATCA.1.H6","H14","nucleuseq_MN"
"TCCTCTTGTAGGTCAG.1.H3","H14","nucleuseq_MN"
"CACCTTGGTCTCTTAT.1.H1","H1","nucleuseq_MN"
"CGTAAGTTCGCCTTGT.1.H5","H6","nucleuseq_MN"
"ATGCCTCGTCGAGTGA.1.H6","H2","nucleuseq_MN"
"CGGGACTCAGCGAGTA.1.H6","H10","nucleuseq_MN"
"ATTTCTGTCAGGTAAA.1.H2","H1","nucleuseq_MN"
"CCTACGTTCCTATTTG.1.H3","H4","nucleuseq_MN"
"TCTGCCAGTTAGGAGC.1.H6","H4","nucleuseq_MN"
"TCATGAGCAGCTCCTT.1.H3","H11","nucleuseq_MN"
"CTTTCAAAGGATATGT.1.H4","H1","nucleuseq_MN"
"CTGTTTATCCGTAGTA.1.H1","H15","nucleuseq_MN"
"TTCCTAACAAACCATC.1.H4","H10","nucleuseq_MN"
"TTCGAAGGTGGAAAGA.1.H1","H3","nucleuseq_MN"
"CCTCATGAGTAATTGG.1.H6","H1","nucleuseq_MN"
"AAGTTCGTCTTTGCTA.1.H3","H7","nucleuseq_MN"
"GTTGAACTCTTTGGAG.1.H3","H10","nucleuseq_MN"
"AGGAATACAGAATGTA.1.H6","H1","nucleuseq_MN"
"GTTAGTGGTACTGCGC.1.H3","H11","nucleuseq_MN"
"AGACAAACATCACGGC.1.H3","H7","nucleuseq_MN"
"TCGAAGTGTAGGACCA.1.H3","H1","nucleuseq_MN"
"CATTGAGCATCAGTGT.1.H6","H1","nucleuseq_MN"
"TATTTCGAGTGATTCC.1.H3","H11","nucleuseq_MN"
"TCGACCTCAAAGACTA.1.H3","H2","nucleuseq_MN"
"CTGGCAGGTTTCCAAG.1.H6","H6","nucleuseq_MN"
"GCTACCTCATTGGGAG.1.H6","H3","nucleuseq_MN"
"GCGCGATGTGAGTGAC.1.H2","H11","nucleuseq_MN"
"AAGGAATAGTACGTCT.1.H4","H10","nucleuseq_MN"
"ACTTCCGGTTCCCACT.1.H3","H2","nucleuseq_MN"
"TGTGTTTAGGATGGTC.1.H2","H5","nucleuseq_MN"
"AATGGAACAACCACAT.1.H3","H2","nucleuseq_MN"
"CTGCATCGTTGGGACA.1.H6","H2","nucleuseq_MN"
"CATCGGGGTCCATGAT.1.H1","H6","nucleuseq_MN"
"GGGATGATCCCAATAG.1.H3","H6","nucleuseq_MN"
"GACTAACCAGTAAGAT.1.H1","H6","nucleuseq_MN"
"GGCGACTCACCCATGG.1.H1","H7","nucleuseq_MN"
"GGAGCAATCGTCCATC.1.H4","H14","nucleuseq_MN"
"TATTGCTCACCCAACG.1.H3","H11","nucleuseq_MN"
"AATGACCCAGGAGACT.1.H3","H4","nucleuseq_MN"
"AGAGAGCTCTCTAAGG.1.H3","H1","nucleuseq_MN"
"TTGGATGTCGTAACTG.1.H3","H3","nucleuseq_MN"
"ATGACCACAAACGTGG.1.H6","H10","nucleuseq_MN"
"ATCACGAAGACCAAAT.1.H3","H11","nucleuseq_MN"
"AATAGAGCAGGACATG.1.H3","H10","nucleuseq_MN"
"TTAACTCGTTGGAGGT.1.H2","H6","nucleuseq_MN"
"GCGAGAAAGGTGCCTC.1.H6","H11","nucleuseq_MN"
"TCGGGCATCATTGCTT.1.H4","H10","nucleuseq_MN"
"CGGAATTTCCTCTGCA.1.H4","H7","nucleuseq_MN"
"CAGATCACACGTATAC.1.H6","H1","nucleuseq_MN"
"ACTGAGTTCTACGAGT.1.H1","H4","nucleuseq_MN"
"TTCATGTTCTGGTCAA.1.H4","H14","nucleuseq_MN"
"CAGCAGCCAGGTCCGT.1.H3","H10","nucleuseq_MN"
"ATTGGGTAGCACACCC.1.H6","H15","nucleuseq_MN"
"TCCAGAAAGCTCGACC.1.H4","H3","nucleuseq_MN"
"GATTCTTTCCATCTAT.1.H6","H2","nucleuseq_MN"
"CTGAAGTTCACAGTAC.1.H2","H11","nucleuseq_MN"
"AGTGCCGTCGAGAAGC.1.H3","H6","nucleuseq_MN"
"GTGCTTCAGCGTTGCC.1.H2","H10","nucleuseq_MN"
"CGAAGGATCGCCTCTA.1.H3","H11","nucleuseq_MN"
"TGTGAGTAGTTGTACC.1.H3","H7","nucleuseq_MN"
"CTGGCAGGTAGTTAGA.1.H3","H14","nucleuseq_MN"
"CATCGAAGTCGGGTCT.1.H2","H14","nucleuseq_MN"
"GCCAGGTAGGTATCTC.1.H6","H4","nucleuseq_MN"
"GCATCTCCACTAGGTT.1.H3","H6","nucleuseq_MN"
"CTCATGCTCCACAAGT.1.H3","H10","nucleuseq_MN"
"TTCTTCCCACGACAGA.1.H6","H12","nucleuseq_MN"
"TTCTTGAGTTTAGAGA.1.H3","H5","nucleuseq_MN"
"ACAAAGAGTCGTGGAA.1.H3","H11","nucleuseq_MN"
"CTTCCTTAGATCCGAG.1.H4","H12","nucleuseq_MN"
"GTTTACTAGGCCTGAA.1.H4","H12","nucleuseq_MN"
"GTCATCCTCGTAGGGA.1.H6","H6","nucleuseq_MN"
"TAATTCCAGGCTAGCA.1.H3","H8","nucleuseq_MN"
"ATGGGAGTCCCTCTTT.1.H1","H5","nucleuseq_MN"
"TTGTGTTAGTAACGTA.1.H4","H2","nucleuseq_MN"
"CGAAGGATCAAGCGTT.1.H3","H6","nucleuseq_MN"
"GACTGATTCTTCACAT.1.H4","H2","nucleuseq_MN"
"CTCCAACTCGCTTGCT.1.H6","H10","nucleuseq_MN"
"TGCTGCTAGTGGAGAA.1.H1","H1","nucleuseq_MN"
"ACGGGTCGTCCTGTTC.1.H3","H14","nucleuseq_MN"
"AACGAAACACAAACGG.1.H3","H7","nucleuseq_MN"
"TGTAGACTCTTAAGGC.1.H4","H10","nucleuseq_MN"
"TGATCAGTCGGAATTC.1.H3","H14","nucleuseq_MN"
"TAGGTTGGTGTAAATG.1.H4","H11","nucleuseq_MN"
"TAAGTCGCACAGCATT.1.H5","H3","nucleuseq_MN"
"ACGTCCTTCCACCTCA.1.H3","H11","nucleuseq_MN"
"CTAACTTTCGTTTGCC.1.H1","H3","nucleuseq_MN"
"CGAGCCACAAACAACA.1.H2","H7","nucleuseq_MN"
"AAAGAACCACCATATG.1.H5","H13","nucleuseq_MN"
"CCCTAACTCTTGGAAC.1.H3","H10","nucleuseq_MN"
"CATCCGTAGACAGTCG.1.H6","H7","nucleuseq_MN"
"CCGATGGCATTGACTG.1.H3","H6","nucleuseq_MN"
"TCCTCCCCACGTAGTT.1.H6","H11","nucleuseq_MN"
"GCACTAATCCTACGAA.1.H6","H10","nucleuseq_MN"
"AGGCTGCGTTCCTAGA.1.H3","H14","nucleuseq_MN"
"TCTTCCTCAAATGGAT.1.H6","H4","nucleuseq_MN"
"AAGGAATCAATGAGCG.1.H4","H8","nucleuseq_MN"
"TCATTACTCTACGAGT.1.H1","H5","nucleuseq_MN"
"GACTGATGTGGTGATG.1.H3","H2","nucleuseq_MN"
"GAAATGAAGGATCACG.1.H3","H12","nucleuseq_MN"
"CTGAAGTAGAGGTACC.1.H1","H10","nucleuseq_MN"
"TGACTCCCAGAGTAAT.1.H3","H4","nucleuseq_MN"
"TCCAGAACAGTCGTTA.1.H3","H3","nucleuseq_MN"
"TGGGCGTTCGGCACTG.1.H3","H13","nucleuseq_MN"
"CTGATCCTCCATAAGC.1.H5","H11","nucleuseq_MN"
"ATGCATGGTATGCGGA.1.H3","H3","nucleuseq_MN"
"CCTCCTCCAATACAGA.1.H5","H7","nucleuseq_MN"
"CGGTTAAGTAGCTCCG.1.H2","H11","nucleuseq_MN"
"ATCAGGTGTTGTAGCT.1.H6","H1","nucleuseq_MN"
"TACCTGCCAGAACTCT.1.H3","H14","nucleuseq_MN"
"GAGATGGAGGACGCTA.1.H3","H4","nucleuseq_MN"
"AACACACCATCAGCTA.1.H6","H10","nucleuseq_MN"
"TGTCCTGAGAAGCCAC.1.H3","H12","nucleuseq_MN"
"GCACATACACCCTAGG.1.H6","H13","nucleuseq_MN"
"AGGTAGGAGGTAAGAG.1.H3","H2","nucleuseq_MN"
"TACGGGCCACCTTGTC.1.H2","H1","nucleuseq_MN"
"TGATCAGGTGGTAACG.1.H3","H8","nucleuseq_MN"
"CGGCAGTGTCTTGAGT.1.H4","H12","nucleuseq_MN"
"ATTACCTCATACTGTG.1.H3","H8","nucleuseq_MN"
"TGCATCCCAAACTCTG.1.H6","H4","nucleuseq_MN"
"CTGTGGGCATCGCCTT.1.H6","H11","nucleuseq_MN"
"GACCTTCTCTTCACGC.1.H3","H6","nucleuseq_MN"
"AGACAAAGTGCGCTCA.1.H3","H1","nucleuseq_MN"
"GAATAGAGTGTTCGTA.1.H6","H6","nucleuseq_MN"
"TTCCTTCCACACCTTC.1.H6","H12","nucleuseq_MN"
"TATTGCTGTAGGTTTC.1.H3","H5","nucleuseq_MN"
"CATGGATAGTAAATGC.1.H3","H11","nucleuseq_MN"
"TCAGCAACAAGTTGTC.1.H1","H6","nucleuseq_MN"
"CAACAACAGACTCCGC.1.H3","H2","nucleuseq_MN"
"CTCCAACAGGATCATA.1.H3","H3","nucleuseq_MN"
"TTAGTCTCATCTTCGC.1.H3","H7","nucleuseq_MN"
"GCGTTTCTCGTTCGCT.1.H4","H9","nucleuseq_MN"
"TGGAACTTCCGTACGG.1.H5","H7","nucleuseq_MN"
"CTACGGGCAAGAGTTA.1.H3","H2","nucleuseq_MN"
"TCTGTCGAGGACATCG.1.H4","H10","nucleuseq_MN"
"GCACGGTCATGCCGGT.1.H6","H14","nucleuseq_MN"
"GTCGTTCGTGTCTAAC.1.H3","H10","nucleuseq_MN"
"CCTCTCCCATAAGCAA.1.H4","H3","nucleuseq_MN"
"CGTAGTATCGAGTGGA.1.H6","H5","nucleuseq_MN"
"ATGTCCCAGGACCCAA.1.H6","H7","nucleuseq_MN"
"CGATCGGCAAGCTGAG.1.H1","H6","nucleuseq_MN"
"GCTGAATAGAGAATCT.1.H3","H7","nucleuseq_MN"
"TCGAAGTTCTAGACAC.1.H3","H12","nucleuseq_MN"
"ATCCATTGTTGGGACA.1.H6","H3","nucleuseq_MN"
"AAGATAGTCCCAGTGG.1.H4","H1","nucleuseq_MN"
"CTCCACATCTCACTCG.1.H3","H11","nucleuseq_MN"
"CCGGGATCAAGTACCT.1.H1","H14","nucleuseq_MN"
"TGACAACTCAGTGCAT.1.H1","H12","nucleuseq_MN"
"GCGCAACTCAAGCCTA.1.H2","H11","nucleuseq_MN"
"CTCCGATTCTACGCAA.1.H3","H10","nucleuseq_MN"
"AGGGCCTAGTGGTGGT.1.H4","H13","nucleuseq_MN"
"CCACAAAGTAATCAGA.1.H3","H15","nucleuseq_MN"
"AAAGGGCGTGACCGAA.1.H6","H6","nucleuseq_MN"
"CATCCCATCCAAATGC.1.H6","H12","nucleuseq_MN"
"CCGGTAGAGGTAGCAC.1.H6","H14","nucleuseq_MN"
"GATGACTTCCGGTAAT.1.H3","H12","nucleuseq_MN"
"CGTGTAAAGGCATGTG.1.H2","H6","nucleuseq_MN"
"AGGCCACCATGGTACT.1.H3","H6","nucleuseq_MN"
"TACCCGTCAGCGACAA.1.H3","H1","nucleuseq_MN"
"GCTCCTATCCAAGTAC.1.H1","H8","nucleuseq_MN"
"AGATAGAAGGGAGATA.1.H6","H14","nucleuseq_MN"
"GATGTTGTCCGGCAAC.1.H3","H10","nucleuseq_MN"
"GACGTTATCAATCGGT.1.H3","H3","nucleuseq_MN"
"TATCCTAGTGCGACAA.1.H3","H14","nucleuseq_MN"
"CTCCACAAGGAAGTCC.1.H3","H11","nucleuseq_MN"
"TCGAACATCGGTCGAC.1.H3","H8","nucleuseq_MN"
"CGGGACTTCAAACGTC.1.H3","H2","nucleuseq_MN"
"CGCTTCAGTACTCAAC.1.H1","H3","nucleuseq_MN"
"ACCGTAATCAATAAGG.1.H1","H11","nucleuseq_MN"
"GTCTTCGAGCCAGTAG.1.H1","H11","nucleuseq_MN"
"TCCAGAATCTTCACGC.1.H6","H3","nucleuseq_MN"
"CATGGATTCTCTGCTG.1.H3","H7","nucleuseq_MN"
"AAGACTCCACCGCTAG.1.H6","H11","nucleuseq_MN"
"CCACCATGTCTAGGCC.1.H5","H13","nucleuseq_MN"
"GACGTTATCTGTGCAA.1.H3","H4","nucleuseq_MN"
"GTGATGTCACGGATCC.1.H6","H11","nucleuseq_MN"
"CTTCTAATCAATCGGT.1.H3","H12","nucleuseq_MN"
"GCCCAGATCAGCGCGT.1.H3","H8","nucleuseq_MN"
"CCTTGTGCACGTTGGC.1.H3","H3","nucleuseq_MN"
"AAAGAACTCGACCTAA.1.H3","H7","nucleuseq_MN"
"TTCGGTCCACCGAATT.1.H6","H10","nucleuseq_MN"
"GGGAGTATCGCTACGG.1.H6","H2","nucleuseq_MN"
"TGTCAGAGTTACCTGA.1.H6","H12","nucleuseq_MN"
"CGAGAAGGTTCATCGA.1.H3","H4","nucleuseq_MN"
"AATAGAGAGAGCATTA.1.H3","H10","nucleuseq_MN"
"GCCAGCACATCATGAC.1.H6","H10","nucleuseq_MN"
"CAAGGGAAGGGATCAC.1.H4","H3","nucleuseq_MN"
"TGTATTCCAGAGTGTG.1.H2","H14","nucleuseq_MN"
"CTGCGGAGTATTAGCC.1.H1","H7","nucleuseq_MN"
"CATCGGGGTAGAGGAA.1.H3","H8","nucleuseq_MN"
"GTTCATTAGATATGCA.1.H2","H1","nucleuseq_MN"
"ATCCACCCACCCTTGT.1.H3","H15","nucleuseq_MN"
"GGAATCTGTACATTGC.1.H4","H1","nucleuseq_MN"
"CGATTGATCGCTTAGA.1.H2","H3","nucleuseq_MN"
"CAATCGATCCCAATAG.1.H3","H6","nucleuseq_MN"
"CTGCGGATCACCACCT.1.H1","H10","nucleuseq_MN"
"TGCTTCGTCCTTCTGG.1.H3","H10","nucleuseq_MN"
"CTAGACACACAGAGAC.1.H6","H6","nucleuseq_MN"
"GTGCACGAGAGGTGCT.1.H4","H9","nucleuseq_MN"
"TCATACTGTACAGAAT.1.H4","H4","nucleuseq_MN"
"CCTCCTCTCCATTGTT.1.H3","H10","nucleuseq_MN"
"ACATCAGAGCTGCGAA.1.H1","H6","nucleuseq_MN"
"TACCCACCATCCGCGA.1.H3","H7","nucleuseq_MN"
"ATGGGTTCACTGATTG.1.H4","H11","nucleuseq_MN"
"CAGATCATCATTGTGG.1.H4","H7","nucleuseq_MN"
"GATCACATCTTAGCTT.1.H3","H11","nucleuseq_MN"
"CTCCTTTAGCATCCTA.1.H5","H6","nucleuseq_MN"
"TTGCCGTAGCGCTTAT.1.H1","H2","nucleuseq_MN"
"ATCCGTCTCAGCGCAC.1.H3","H10","nucleuseq_MN"
"GAGGGATTCTTCGTAT.1.H3","H6","nucleuseq_MN"
"TATCGCCAGATCCAAA.1.H3","H12","nucleuseq_MN"
"AGGGTTTAGGGCATGT.1.H3","H12","nucleuseq_MN"
"GGAAAGCAGATGCGAC.1.H1","H12","nucleuseq_MN"
"AAAGTGACAGTCGAGA.1.H3","H11","nucleuseq_MN"
"GACTCAAAGTATTGCC.1.H3","H8","nucleuseq_MN"
"GGAACTTGTTCTGTTT.1.H1","H6","nucleuseq_MN"
"TCCACCAAGATTGACA.1.H3","H9","nucleuseq_MN"
"CTTGAGACACGGTAGA.1.H3","H14","nucleuseq_MN"
"AGATGAAAGTATGAGT.1.H3","H14","nucleuseq_MN"
"ACTTAGGTCAGGTGTT.1.H6","H7","nucleuseq_MN"
"ATACCTTGTATCCCTC.1.H6","H6","nucleuseq_MN"
"TGCGCAGGTTTGGGCC.1.H1","H10","nucleuseq_MN"
"CATGCAATCCTAGAGT.1.H3","H9","nucleuseq_MN"
"TGGGCTGCAGGTGTGA.1.H3","H4","nucleuseq_MN"
"TCTATCATCCATAAGC.1.H3","H10","nucleuseq_MN"
"CGCGTTTGTACCAGTT.1.H2","H11","nucleuseq_MN"
"AGGGTCCTCCTACGGG.1.H6","H8","nucleuseq_MN"
"CGTGAGCCATTAGCCA.1.H1","H6","nucleuseq_MN"
"AGCTCCTAGTGCGTGA.1.H2","H1","nucleuseq_MN"
"AGGGTTTAGTAAACAC.1.H4","H10","nucleuseq_MN"
"TCATGGATCTAGTGAC.1.H3","H1","nucleuseq_MN"
"ACTACGATCCTCAGGG.1.H4","H5","nucleuseq_MN"
"GACTTCCCATATGAAG.1.H3","H10","nucleuseq_MN"
"TGATCTTTCAACGCTA.1.H6","H2","nucleuseq_MN"
"ATCGTAGTCTAGTACG.1.H3","H8","nucleuseq_MN"
"CCTCAACTCTCGCGTT.1.H4","H10","nucleuseq_MN"
"GGAGAACTCTAACGGT.1.H3","H10","nucleuseq_MN"
"CCATAAGAGCCTCATA.1.H3","H2","nucleuseq_MN"
"CTCTCGAAGATACTGA.1.H6","H11","nucleuseq_MN"
"GATTCAGTCTCTGCTG.1.H1","H4","nucleuseq_MN"
"AGCGTCGGTGGCGTAA.1.H3","H1","nucleuseq_MN"
"CAACCTCGTCGAATGG.1.H4","H3","nucleuseq_MN"
"TGGTTAGTCGATACGT.1.H6","H3","nucleuseq_MN"
"ATTCCATAGACAGCGT.1.H3","H2","nucleuseq_MN"
"CTCGAGGCACTCCTGT.1.H6","H1","nucleuseq_MN"
"CGACAGCAGCATCCCG.1.H6","H3","nucleuseq_MN"
"GGTCACGGTCCGGATC.1.H3","H10","nucleuseq_MN"
"GACCCAGTCCTCGATC.1.H6","H2","nucleuseq_MN"
"GCGCAGTTCTCGTATT.1.H2","H3","nucleuseq_MN"
"CTCATTACAAGCTGGA.1.H2","H11","nucleuseq_MN"
"CAATACGGTCGGCTAC.1.H3","H7","nucleuseq_MN"
"CCACACTCATACCACA.1.H3","H11","nucleuseq_MN"
"GCTGGGTGTTGAGGTG.1.H2","H11","nucleuseq_MN"
"TATCTTGTCATCACTT.1.H4","H13","nucleuseq_MN"
"GAGTCCGGTGCAGGTA.1.H1","H8","nucleuseq_MN"
"TCCAGAACAGAGGCTA.1.H5","H6","nucleuseq_MN"
"ATGGGTTAGTTTCGAC.1.H4","H12","nucleuseq_MN"
"ATCCCTGAGAAACTGT.1.H3","H7","nucleuseq_MN"
"GCTCTGTCACTGTCGG.1.H1","H5","nucleuseq_MN"
"AGCTACACATAGGCGA.1.H3","H10","nucleuseq_MN"
"AGGGTGATCTACGCAA.1.H4","H2","nucleuseq_MN"
"CGGTCAGGTTAAGGGC.1.H4","H7","nucleuseq_MN"
"TTTGCGCGTCTCTCGT.1.H1","H1","nucleuseq_MN"
"CACAGATGTTGGTACT.1.H3","H14","nucleuseq_MN"
"TTGTAGGCACCGGAAA.1.H1","H6","nucleuseq_MN"
"AAGTTCGCAAGGTTGG.1.H3","H1","nucleuseq_MN"
"AGGGTCCTCTGTGCAA.1.H4","H4","nucleuseq_MN"
"ACTGTCCTCGCTAGCG.1.H1","H1","nucleuseq_MN"
"TCTACATAGTATGAAC.1.H3","H3","nucleuseq_MN"
"AAGTTCGCAGGTATGG.1.H3","H12","nucleuseq_MN"
"GTGCTTCCAGAGATGC.1.H4","H12","nucleuseq_MN"
"GAATCACGTTCGGTCG.1.H5","H10","nucleuseq_MN"
"AGTGATCTCGAAGTGG.1.H4","H7","nucleuseq_MN"
"AGGTCTATCACGGACC.1.H4","H14","nucleuseq_MN"
"AGAGCTTGTAGAAAGG.1.H1","H10","nucleuseq_MN"
"TCATTTGGTGACACGA.1.H6","H14","nucleuseq_MN"
"GTCTACCTCCTACAAG.1.H6","H12","nucleuseq_MN"
"GCACTAAAGCATCAGG.1.H6","H11","nucleuseq_MN"
"TTAATCCTCCCTCGTA.1.H4","H10","nucleuseq_MN"
"GGAAAGCAGCAATATG.1.H1","H1","nucleuseq_MN"
"AAGTCTGGTTGTTTGG.1.H2","H15","nucleuseq_MN"
"TCGGGACTCGTCAGAT.1.H3","H1","nucleuseq_MN"
"GGGACCTCAGTACACT.1.H1","H5","nucleuseq_MN"
"AAAGGTATCGTAGAGG.1.H6","H4","nucleuseq_MN"
"CGCATGGTCGATTGGT.1.H4","H10","nucleuseq_MN"
"ACGGGCTCAGATGGGT.1.H2","H11","nucleuseq_MN"
"TGATGGTTCAATCCAG.1.H6","H10","nucleuseq_MN"
"GTTACCCCAATAGTGA.1.H3","H3","nucleuseq_MN"
"ATTCCATGTTGAAGTA.1.H3","H12","nucleuseq_MN"
"CCGTAGGAGGCAGGGA.1.H6","H6","nucleuseq_MN"
"CTTTCAAAGGGAGTGG.1.H4","H1","nucleuseq_MN"
"CGGTCAGAGTTTCGGT.1.H4","H12","nucleuseq_MN"
"TCCTAATCATGGAAGC.1.H6","H5","nucleuseq_MN"
"GGTGTTAGTGCTCTCT.1.H3","H10","nucleuseq_MN"
"GAGGCCTTCTCAGTCC.1.H3","H6","nucleuseq_MN"
"TGAACGTCATACGCAT.1.H6","H6","nucleuseq_MN"
"GTCCACTGTTAGTTCG.1.H3","H11","nucleuseq_MN"
"GTTACAGAGTCATCCA.1.H2","H5","nucleuseq_MN"
"TGATGCAAGCAGAAAG.1.H3","H15","nucleuseq_MN"
"TCTATTGTCATGTGGT.1.H1","H3","nucleuseq_MN"
"CAGCAGCTCGGAACTT.1.H3","H12","nucleuseq_MN"
"CTCCCTCAGGTACTGG.1.H5","H7","nucleuseq_MN"
"CCTCCTCTCACATCAG.1.H5","H11","nucleuseq_MN"
"AAGAACAAGCAGGGAG.1.H6","H12","nucleuseq_MN"
"GAACCTATCAGAGCTT.1.H1","H1","nucleuseq_MN"
"ACTTATCCACTTGGCG.1.H4","H3","nucleuseq_MN"
"CTCGAGGGTTGAAGTA.1.H4","H12","nucleuseq_MN"
"GATGTTGTCAACTACG.1.H6","H1","nucleuseq_MN"
"AGGAGGTTCATGCTAG.1.H3","H12","nucleuseq_MN"
"AGGGTGATCATGCAAC.1.H2","H6","nucleuseq_MN"
"TACACCCCAGTGCCTG.1.H5","H1","nucleuseq_MN"
"CAGGGCTTCATTCTTG.1.H3","H12","nucleuseq_MN"
"TGTCCTGCAGGGCTTC.1.H4","H11","nucleuseq_MN"
"AAGCCATCATATAGCC.1.H3","H2","nucleuseq_MN"
"ATAGGCTTCCCGTTGT.1.H6","H11","nucleuseq_MN"
"TCATTACGTGTAACGG.1.H6","H4","nucleuseq_MN"
"TCACACCAGTAGCATA.1.H6","H6","nucleuseq_MN"
"AGTCATGCAGCACCCA.1.H4","H8","nucleuseq_MN"
"CGGGACTTCCGTTGAA.1.H6","H7","nucleuseq_MN"
"ATGCGATTCCTTTGAT.1.H5","H3","nucleuseq_MN"
"AGGCCACAGTGTCCCG.1.H1","H8","nucleuseq_MN"
"GTCATTTAGCTGAACG.1.H1","H6","nucleuseq_MN"
"TACAGTGAGTGTGAAT.1.H2","H6","nucleuseq_MN"
"GCTTCACAGGTCACTT.1.H3","H6","nucleuseq_MN"
"CACTGTCCATGTCGTA.1.H4","H12","nucleuseq_MN"
"GAGCAGAAGATCGGGT.1.H1","H7","nucleuseq_MN"
"CGGTCAGAGCATGATA.1.H3","H4","nucleuseq_MN"
"AGATCTGGTCTAACGT.1.H1","H2","nucleuseq_MN"
"ATCGTGAGTCTCAAGT.1.H4","H12","nucleuseq_MN"
"ACGTAACAGGTTGCCC.1.H6","H11","nucleuseq_MN"
"TTATTGCGTTCGGCGT.1.H4","H1","nucleuseq_MN"
"TACGCTCGTGTTACTG.1.H3","H2","nucleuseq_MN"
"ACTTTGTAGCACTAAA.1.H3","H12","nucleuseq_MN"
"AGATAGAGTATTGGCT.1.H4","H2","nucleuseq_MN"
"CGTTAGACACCCAGTG.1.H1","H5","nucleuseq_MN"
"GAATCACTCCGGCTTT.1.H6","H10","nucleuseq_MN"
"CAGGTATCATGGGTCC.1.H3","H10","nucleuseq_MN"
"CGGCTAGAGTGGGATC.1.H2","H10","nucleuseq_MN"
"CCCTAACCAACCAATC.1.H3","H7","nucleuseq_MN"
"GCAGTTATCTCGCAGG.1.H4","H10","nucleuseq_MN"
"GGGCTACCACGTAGAG.1.H3","H2","nucleuseq_MN"
"CATCGCTAGAGCCGTA.1.H3","H11","nucleuseq_MN"
"TCACGCTTCGTAGGGA.1.H6","H13","nucleuseq_MN"
"ATAACGCAGGACGAAA.1.H1","H7","nucleuseq_MN"
"TACAACGGTCCGGCAT.1.H3","H7","nucleuseq_MN"
"CGGAGAATCCAGTGCG.1.H6","H10","nucleuseq_MN"
"TTGACCCTCTTGGCTC.1.H6","H2","nucleuseq_MN"
"CACTGGGCAAGATGTA.1.H6","H1","nucleuseq_MN"
"CTCGTCAGTCTTGCGG.1.H2","H11","nucleuseq_MN"
"CAGCGTGCATAGAGGC.1.H6","H10","nucleuseq_MN"
"AACTTCTCACAAATAG.1.H4","H1","nucleuseq_MN"
"CCATGTCTCACTATTC.1.H2","H5","nucleuseq_MN"
"CACATAGAGGCATGTG.1.H2","H11","nucleuseq_MN"
"CGGAGAATCCGTATGA.1.H3","H4","nucleuseq_MN"
"ACACCCTGTTTCGCTC.1.H1","H3","nucleuseq_MN"
"CATGAGTGTGACCGTC.1.H6","H9","nucleuseq_MN"
"ACGTCCTGTCCTCCAT.1.H3","H5","nucleuseq_MN"
"TTTGTTGCATAGGCGA.1.H6","H3","nucleuseq_MN"
"GCGGAAACACAAATAG.1.H3","H4","nucleuseq_MN"
"TTACTGTCATACAGCT.1.H3","H15","nucleuseq_MN"
"CTAAGTGAGTGCAAAT.1.H3","H4","nucleuseq_MN"
"AAACGGGGTTGCTCCT.1.H1","H11","nucleuseq_MN"
"GACACGCCAGCTGTTA.1.H3","H10","nucleuseq_MN"
"TTGTGGACAAGAAATC.1.H3","H11","nucleuseq_MN"
"TCGACCTTCTCTATGT.1.H6","H2","nucleuseq_MN"
"GAGTCTAAGCCAAGGT.1.H3","H1","nucleuseq_MN"
"GATGAGGCATGACGTT.1.H3","H1","nucleuseq_MN"
"TATTGGGTCTACGCAA.1.H4","H10","nucleuseq_MN"
"CCATCACGTATCACCA.1.H3","H3","nucleuseq_MN"
"GACGGCTTCTACCAGA.1.H2","H2","nucleuseq_MN"
"TCTTCCTCAAAGAGTT.1.H4","H1","nucleuseq_MN"
"TATATCCTCGTAGGAG.1.H6","H10","nucleuseq_MN"
"GGCTTGGGTCGAATGG.1.H4","H1","nucleuseq_MN"
"ACTACGAGTGCATGAG.1.H3","H14","nucleuseq_MN"
"TTAGGCACATTGGGCC.1.H1","H15","nucleuseq_MN"
"CAATCGAGTGCTCTCT.1.H3","H4","nucleuseq_MN"
"TGCGGCATCTACCACC.1.H3","H4","nucleuseq_MN"
"GGGACAACAACGACTT.1.H3","H7","nucleuseq_MN"
"CTGCAGGCATGCACTA.1.H3","H11","nucleuseq_MN"
"TCGGATACATGGACAG.1.H6","H1","nucleuseq_MN"
"CATGGTAAGGGTAATT.1.H3","H4","nucleuseq_MN"
"CACGAATGTTCAGTAC.1.H3","H4","nucleuseq_MN"
"AGGGCTCAGTTCCGTA.1.H6","H10","nucleuseq_MN"
"TGCGGCACATCCTTGC.1.H5","H3","nucleuseq_MN"
"AGAGCGACAATGGAAT.1.H1","H6","nucleuseq_MN"
"GGGCCATGTCTACAAC.1.H6","H6","nucleuseq_MN"
"CTGAGCGAGACAAGCC.1.H5","H13","nucleuseq_MN"
"CGGAACCGTCTCAGAT.1.H3","H12","nucleuseq_MN"
"GGGATCCTCTGACAGT.1.H3","H6","nucleuseq_MN"
"TTCAATCCACTGGCCA.1.H3","H3","nucleuseq_MN"
"AAGGCAGAGGACATTA.1.H1","H3","nucleuseq_MN"
"CTAACCCTCTTCCTAA.1.H6","H7","nucleuseq_MN"
"TCAGGTACAAGTGACG.1.H4","H3","nucleuseq_MN"
"AGGTTGTCATTCTTCA.1.H5","H10","nucleuseq_MN"
"AGCTTGACATACGCTA.1.H1","H3","nucleuseq_MN"
"TTGTAGGAGAAGCCCA.1.H1","H10","nucleuseq_MN"
"CCTCAGTTCATGCAGT.1.H3","H6","nucleuseq_MN"
"CTCAAGATCTCTCTTC.1.H6","H2","nucleuseq_MN"
"CTGAGCGAGCCTGTGC.1.H3","H10","nucleuseq_MN"
"CCTCTCCAGTGCTCGC.1.H3","H10","nucleuseq_MN"
"CCATTCGTCCGTAGTA.1.H1","H5","nucleuseq_MN"
"TGTGTGAAGCCGTCGT.1.H3","H11","nucleuseq_MN"
"ACATTTCGTGTGTCCG.1.H6","H4","nucleuseq_MN"
"TTTACTGGTCAGGTGA.1.H6","H12","nucleuseq_MN"
"AATGACCTCATCCTGC.1.H6","H10","nucleuseq_MN"
"CTCGAGGGTTGAATCC.1.H6","H8","nucleuseq_MN"
"GTCGTTCAGAGCATCG.1.H3","H9","nucleuseq_MN"
"GACTAACTCTTAGCCC.1.H2","H11","nucleuseq_MN"
"GTTACAGCAGAGAAAG.1.H4","H2","nucleuseq_MN"
"GTGCTTCGTGCTGTCG.1.H4","H6","nucleuseq_MN"
"ATGACCATCGCGATCG.1.H4","H2","nucleuseq_MN"
"AAAGAACAGGTATAGT.1.H6","H4","nucleuseq_MN"
"AATCGTGTCCCATTCG.1.H3","H5","nucleuseq_MN"
"ATTATCCAGTCTGGAG.1.H3","H4","nucleuseq_MN"
"CATAGACTCGCGGTAC.1.H3","H3","nucleuseq_MN"
"ACCACAATCACACCCT.1.H3","H2","nucleuseq_MN"
"CTAGTGACACATCCAA.1.H1","H10","nucleuseq_MN"
"GGGATGAGTAACGTTC.1.H4","H7","nucleuseq_MN"
"ATGGAGGGTACGTGTT.1.H3","H2","nucleuseq_MN"
"GATGATCAGGTGATAT.1.H3","H6","nucleuseq_MN"
"TTTCAGTTCCTGCCAT.1.H3","H11","nucleuseq_MN"
"AGGTTGTAGCAACTCT.1.H6","H11","nucleuseq_MN"
"GTGCGTGGTTTGACAC.1.H3","H2","nucleuseq_MN"
"TCGGTCTGTACGATGG.1.H6","H3","nucleuseq_MN"
"TCTCATAAGAAGGTGA.1.H1","H2","nucleuseq_MN"
"TCCACACCACATGGGA.1.H1","H5","nucleuseq_MN"
"TCGAACATCAAGCCAT.1.H3","H6","nucleuseq_MN"
"GGGACCTAGTATAGAC.1.H6","H3","nucleuseq_MN"
"TGGACGCGTAAGGGAA.1.H1","H5","nucleuseq_MN"
"CTCCCTCTCAACGAGG.1.H3","H7","nucleuseq_MN"
"GGATCTAAGTCTTGGT.1.H6","H12","nucleuseq_MN"
"CCCTCCTGTACTTGAC.1.H2","H6","nucleuseq_MN"
"TTAGGCAAGGCCTGAA.1.H3","H6","nucleuseq_MN"
"GTAAGTCCAGTGGTGA.1.H4","H10","nucleuseq_MN"
"CAACGGCTCGTTAGAC.1.H6","H6","nucleuseq_MN"
"AGGACGATCCAACCGG.1.H4","H10","nucleuseq_MN"
"ATGAGGGTCGGATGTT.1.H1","H12","nucleuseq_MN"
"GAAGTAACATACAGCT.1.H6","H1","nucleuseq_MN"
"AGACACTCATGGCCAC.1.H6","H6","nucleuseq_MN"
"TAGTGCATCAGTGCGC.1.H5","H6","nucleuseq_MN"
"TTCGCTGCACAGTGAG.1.H3","H13","nucleuseq_MN"
"GTTTCTACATTACCTT.1.H1","H7","nucleuseq_MN"
"GGTGGCTTCGACATTG.1.H6","H1","nucleuseq_MN"
"TTTACCAGTCTTTCAT.1.H3","H2","nucleuseq_MN"
"TACTTACAGCTCGGCT.1.H3","H2","nucleuseq_MN"
"CGAGTTACAATCGAAA.1.H3","H2","nucleuseq_MN"
"GCTGAATAGGTGGGTT.1.H3","H5","nucleuseq_MN"
"CACCAGGTCGCTTAGA.1.H1","H5","nucleuseq_MN"
"TACCGGGCAGTAGAAT.1.H3","H3","nucleuseq_MN"
"CGGAGCTGTCAGCTAT.1.H1","H3","nucleuseq_MN"
"CAAGACTGTCTTCCGT.1.H6","H12","nucleuseq_MN"
"TGGTAGTGTCGTACAT.1.H3","H12","nucleuseq_MN"
"TTAACTCAGTCCATAC.1.H1","H2","nucleuseq_MN"
"CGTGTAAAGGTTCCTA.1.H2","H3","nucleuseq_MN"
"TTCCACGTCGTAGCTA.1.H3","H3","nucleuseq_MN"
"TGCTCCACAAAGACGC.1.H3","H10","nucleuseq_MN"
"ATGAGGGCAAGGTTTC.1.H1","H11","nucleuseq_MN"
"TCATGCCGTGTGATGG.1.H4","H1","nucleuseq_MN"
"TCTTCCTGTCAAAGCG.1.H3","H6","nucleuseq_MN"
"CTCCTTTTCCATTGCC.1.H3","H2","nucleuseq_MN"
"TTTGATCGTTATGGTC.1.H3","H5","nucleuseq_MN"
"TGGGCGTTCACTTGTT.1.H3","H10","nucleuseq_MN"
"CTCGAGGTCGAACGGA.1.H1","H8","nucleuseq_MN"
"CTTGAGATCGGACAAG.1.H6","H2","nucleuseq_MN"
"AACGGGACAAGAAATC.1.H4","H8","nucleuseq_MN"
"TTCATGTTCGCCTTGT.1.H4","H11","nucleuseq_MN"
"TCGGGACAGGGTGTTG.1.H1","H7","nucleuseq_MN"
"CCTCTAGTCTTCGGAA.1.H4","H3","nucleuseq_MN"
"AGGTGTTAGGCTCACC.1.H3","H2","nucleuseq_MN"
"ACAGCCGGTGACAGGT.1.H3","H7","nucleuseq_MN"
"GACCCTTCATGGAATA.1.H6","H12","nucleuseq_MN"
"GTCAGCGGTTACCTGA.1.H3","H6","nucleuseq_MN"
"CTAGTGAGTGCGATAG.1.H2","H3","nucleuseq_MN"
"ATCGCCTCACGGGTAA.1.H4","H3","nucleuseq_MN"
"GCATACAAGAGTACCG.1.H1","H7","nucleuseq_MN"
"CGAGGAATCACTGATG.1.H3","H10","nucleuseq_MN"
"TCAGGATTCGCCTGTT.1.H1","H13","nucleuseq_MN"
"AGAGCCCGTGGCTAGA.1.H3","H14","nucleuseq_MN"
"ACTTTCACAAGGTACG.1.H6","H2","nucleuseq_MN"
"TGAGCATTCCCATTCG.1.H3","H10","nucleuseq_MN"
"AGTCTCCGTCCTCCAT.1.H3","H1","nucleuseq_MN"
"AGGAATAGTGCGGCTT.1.H3","H6","nucleuseq_MN"
"CACAGGCGTAACTGCT.1.H3","H11","nucleuseq_MN"
"GGGAGATTCATCACAG.1.H3","H9","nucleuseq_MN"
"TGATGCAGTCTTCAAG.1.H4","H12","nucleuseq_MN"
"ACCATTTGTTCTCGTC.1.H5","H3","nucleuseq_MN"
"ATGGTTGAGCATCAAA.1.H6","H7","nucleuseq_MN"
"TTCACGCCAGAGGTAC.1.H3","H6","nucleuseq_MN"
"GTAGAGGAGATAGCTA.1.H3","H11","nucleuseq_MN"
"GTGGGTCCAGCTGTAT.1.H2","H12","nucleuseq_MN"
"GGGAGTAGTTATGTGC.1.H3","H2","nucleuseq_MN"
"CACCACTGTCGAGATG.1.H1","H15","nucleuseq_MN"
"TCAAGCAAGCCGATCC.1.H4","H4","nucleuseq_MN"
"CAGATCATCTTGATTC.1.H3","H7","nucleuseq_MN"
"TGTAAGCCATAATCCG.1.H3","H6","nucleuseq_MN"
"CGCGTGAAGGGTGGGA.1.H3","H9","nucleuseq_MN"
"CGGAACCCATGGGTTT.1.H6","H2","nucleuseq_MN"
"CGCTATCAGGTGACCA.1.H1","H1","nucleuseq_MN"
"GCCATTCCACGGGTAA.1.H3","H6","nucleuseq_MN"
"TCGCTTGAGCAATTAG.1.H3","H2","nucleuseq_MN"
"TGCTGAATCCATAGGT.1.H4","H2","nucleuseq_MN"
"CTTGATTTCCGTGGGT.1.H6","H7","nucleuseq_MN"
"GTAGAGGTCACGAGGA.1.H3","H14","nucleuseq_MN"
"CTGATCCCATTAACCG.1.H2","H2","nucleuseq_MN"
"GCTCCTATCTTGCATT.1.H1","H10","nucleuseq_MN"
"TTACCATCAATACGAA.1.H3","H10","nucleuseq_MN"
"TCATGCCAGAGGTATT.1.H4","H3","nucleuseq_MN"
"TGGGCTGCAAAGTGTA.1.H6","H11","nucleuseq_MN"
"TCGCACTCAAGTTCGT.1.H6","H10","nucleuseq_MN"
"TACCTATCATAGGATA.1.H1","H7","nucleuseq_MN"
"CTAAGTGCACTTTAGG.1.H3","H11","nucleuseq_MN"
"TTCTTCCCACTGTCGG.1.H3","H2","nucleuseq_MN"
"AGCAGCCAGCGTCAAG.1.H2","H7","nucleuseq_MN"
"CATGAGTGTAGACACG.1.H6","H1","nucleuseq_MN"
"ATCACAGCATCGAGCC.1.H3","H13","nucleuseq_MN"
"TGCCCTAGTGGCGAAT.1.H1","H11","nucleuseq_MN"
"CCGAACGCAAATCGTC.1.H3","H6","nucleuseq_MN"
"CATATGGGTTGGAGGT.1.H2","H1","nucleuseq_MN"
"CGAGAAGAGGTGCCTC.1.H3","H5","nucleuseq_MN"
"TCGGGACGTTCCGGCA.1.H1","H14","nucleuseq_MN"
"GAGTCTAAGACTCCGC.1.H3","H2","nucleuseq_MN"
"ATGTCCCCACCAAAGG.1.H3","H4","nucleuseq_MN"
"AGGTCTACATTCGATG.1.H4","H2","nucleuseq_MN"
"TGACTTTGTAGCGTAG.1.H1","H1","nucleuseq_MN"
"TTTCGATGTATCGTGT.1.H3","H11","nucleuseq_MN"
"ATACCGATCTAGACCA.1.H3","H7","nucleuseq_MN"
"TAAGTGCCAAGCCTAT.1.H1","H3","nucleuseq_MN"
"CACGTTCTCTCCAATT.1.H6","H9","nucleuseq_MN"
"CCTTCCCAGCAGGTCA.1.H1","H13","nucleuseq_MN"
"CATTCATAGTGCAGCA.1.H3","H10","nucleuseq_MN"
"TAAACCGAGAGGGCTT.1.H2","H6","nucleuseq_MN"
"AGACCCGGTTGATCGT.1.H3","H10","nucleuseq_MN"
"AAAGGATCAACACAAA.1.H3","H3","nucleuseq_MN"
"AAGGTAAGTCGCATGC.1.H5","H15","nucleuseq_MN"
"ATCGCCTTCCTTGGAA.1.H4","H7","nucleuseq_MN"
"GTGTCCTCATCTGTTT.1.H4","H2","nucleuseq_MN"
"AAGCGAGTCCGTACGG.1.H3","H14","nucleuseq_MN"
"TTTATGCTCAACTCTT.1.H2","H14","nucleuseq_MN"
"ACCCAAATCACACCGG.1.H3","H11","nucleuseq_MN"
"CTCAGGGGTGCCCGTA.1.H6","H4","nucleuseq_MN"
"AAAGTGATCAGCTGAT.1.H3","H14","nucleuseq_MN"
"GCCGATGAGCCGAACA.1.H4","H1","nucleuseq_MN"
"TACCGAACATACAGAA.1.H3","H5","nucleuseq_MN"
"ATGAGGGCAGGCATGA.1.H3","H10","nucleuseq_MN"
"TATTCCAAGCAGCACA.1.H3","H10","nucleuseq_MN"
"TTGGTTTTCGGCTGAC.1.H3","H7","nucleuseq_MN"
"GGGATGATCGGTCCGA.1.H1","H13","nucleuseq_MN"
"TGAGGGAGTACTGACT.1.H3","H10","nucleuseq_MN"
"GATCGTATCTAACGGT.1.H3","H2","nucleuseq_MN"
"TACGGTACACGGCCAT.1.H1","H6","nucleuseq_MN"
"ATCACTTAGGGAGTGG.1.H4","H11","nucleuseq_MN"
"GACTCAAGTATGAAGT.1.H6","H6","nucleuseq_MN"
"TCTCTGGGTCCGAAAG.1.H3","H12","nucleuseq_MN"
"ACGTAACAGGTGCCTC.1.H4","H10","nucleuseq_MN"
"TCTACCGCACAGAAGC.1.H4","H1","nucleuseq_MN"
"TGAGACTGTGCATGAG.1.H3","H10","nucleuseq_MN"
"GACCTTCTCTGCAGCG.1.H3","H10","nucleuseq_MN"
"CATACAGCACCGGTCA.1.H3","H14","nucleuseq_MN"
"CTAAGTGGTAAGGCTG.1.H3","H14","nucleuseq_MN"
"CAGATACGTGACTGAG.1.H6","H7","nucleuseq_MN"
"TTGACTTAGGCGACAT.1.H1","H14","nucleuseq_MN"
"ATGACCATCGACCCAG.1.H3","H2","nucleuseq_MN"
"TCTCTAAAGCGATGAC.1.H1","H4","nucleuseq_MN"
"GACTATGAGCGTGAAC.1.H3","H1","nucleuseq_MN"
"GTTGCTCCATCGGCCA.1.H3","H4","nucleuseq_MN"
"TGACGCGAGAAGCGCT.1.H3","H11","nucleuseq_MN"
"GAATAGAGTACTGGGA.1.H3","H2","nucleuseq_MN"
"TGGTTAGGTGAAAGTT.1.H6","H10","nucleuseq_MN"
"GACCTTCTCTCAATCT.1.H3","H7","nucleuseq_MN"
"AACGAAATCGCCTAGG.1.H3","H10","nucleuseq_MN"
"GGGAAGTCACTACACA.1.H3","H14","nucleuseq_MN"
"ATAGAGAGTGTCATGT.1.H6","H12","nucleuseq_MN"
"GTGTTAGCATCGATGT.1.H2","H15","nucleuseq_MN"
"GGGTATTGTTCAACGT.1.H6","H14","nucleuseq_MN"
"TCGATTTGTGGTCTTA.1.H3","H7","nucleuseq_MN"
"CATTGCCTCCTCGATC.1.H6","H4","nucleuseq_MN"
"GGGAAGTAGTCATACC.1.H3","H1","nucleuseq_MN"
"TCAAGACGTGTGCCTG.1.H3","H3","nucleuseq_MN"
"GAAGGACAGCAGTACG.1.H6","H10","nucleuseq_MN"
"ATCCCTGGTAACGGTG.1.H3","H5","nucleuseq_MN"
"TGCATGACAGAGTTGG.1.H6","H10","nucleuseq_MN"
"CTCATTACACTCAGGC.1.H2","H15","nucleuseq_MN"
"TGAGGAGCAGCGGTTC.1.H6","H1","nucleuseq_MN"
"ATTCGTTAGTTCCATG.1.H5","H13","nucleuseq_MN"
"TTGTTCACATGATCTG.1.H5","H7","nucleuseq_MN"
"AGTCAACTCCTCACGT.1.H3","H2","nucleuseq_MN"
"CATCGTCGTCTACAAC.1.H4","H9","nucleuseq_MN"
"AGGGAGTAGGTAAACT.1.H6","H7","nucleuseq_MN"
"TTCTCAACATTGGCGC.1.H2","H3","nucleuseq_MN"
"TGTTCCGGTGTTAAAG.1.H5","H14","nucleuseq_MN"
"AGGTTGTCAACCGCTG.1.H6","H7","nucleuseq_MN"
"TAGCACAGTGATACAA.1.H4","H4","nucleuseq_MN"
"CCTAACCTCACCTCTG.1.H6","H12","nucleuseq_MN"
"CCTAAGATCGTGGACC.1.H3","H6","nucleuseq_MN"
"AAGCGTTAGTCTTGGT.1.H4","H11","nucleuseq_MN"
"CAGTCCTGTTTGCATG.1.H2","H15","nucleuseq_MN"
"TAAGCGTCAACCACGC.1.H3","H14","nucleuseq_MN"
"GTCAGCGAGTCTAGCT.1.H4","H1","nucleuseq_MN"
"AGCTTGACAAGAAGAG.1.H2","H6","nucleuseq_MN"
"TCTTGCGAGGGTATAT.1.H3","H6","nucleuseq_MN"
"TCTCTAAAGTGTCTCA.1.H2","H5","nucleuseq_MN"
"GACATCAAGTGGTTGG.1.H3","H3","nucleuseq_MN"
"ACCTGTCGTGGATGAC.1.H3","H10","nucleuseq_MN"
"TAGCCGGTCCTAGTGA.1.H2","H13","nucleuseq_MN"
"TGATGGTTCTCAATCT.1.H3","H14","nucleuseq_MN"
"GACAGAGTCCTCCTAG.1.H2","H1","nucleuseq_MN"
"AGGGAGTCAAATGATG.1.H3","H4","nucleuseq_MN"
"TATTTCGCATGATCTG.1.H3","H1","nucleuseq_MN"
"TGTTCCGGTGCCTGAC.1.H3","H7","nucleuseq_MN"
"CGCCAGACAACGTTAC.1.H3","H1","nucleuseq_MN"
"TGACTCCGTCAAGCGA.1.H3","H14","nucleuseq_MN"
"TAAGAGACATGAAGTA.1.H2","H7","nucleuseq_MN"
"TATCTGTAGACGCCCT.1.H3","H10","nucleuseq_MN"
"CTCTGGTCATGGTAGG.1.H1","H1","nucleuseq_MN"
"TCCAGAAGTTGCATAC.1.H6","H10","nucleuseq_MN"
"ACTCTCGGTCGTTGCG.1.H4","H5","nucleuseq_MN"
"GAGGTGATCGCCCTTA.1.H1","H4","nucleuseq_MN"
"AGACAAAAGACCTCAT.1.H6","H6","nucleuseq_MN"
"CAGTCCTAGACAAGCC.1.H1","H1","nucleuseq_MN"
"TATACCTGTCTGTTAG.1.H3","H6","nucleuseq_MN"
"CCCTTAGGTGGGTATG.1.H4","H1","nucleuseq_MN"
"CGGGTGTAGCCTGACC.1.H6","H8","nucleuseq_MN"
"AGAGCAGGTTGGCCGT.1.H4","H10","nucleuseq_MN"
"GTAGTCACAATCCAAC.1.H2","H2","nucleuseq_MN"
"TGTTTGTGTGCTTCAA.1.H3","H6","nucleuseq_MN"
"CAACAACCACGTATAC.1.H3","H1","nucleuseq_MN"
"GAACGTTCATATACCG.1.H5","H14","nucleuseq_MN"
"TGCTCCATCTTGGAAC.1.H6","H7","nucleuseq_MN"
"GAGAGGTCAAGACGAC.1.H4","H10","nucleuseq_MN"
"GTTATGGGTCCGGACT.1.H6","H8","nucleuseq_MN"
"GTGCACGGTTACGCCG.1.H6","H7","nucleuseq_MN"
"CCGTTCAAGACGGATC.1.H3","H10","nucleuseq_MN"
"TCAGGTAGTATCCTTT.1.H6","H6","nucleuseq_MN"
"CTCTACGTCTACCTGC.1.H2","H11","nucleuseq_MN"
"CACACCTGTATTCTCT.1.H2","H11","nucleuseq_MN"
"ATGGTTGAGCCTATCA.1.H6","H14","nucleuseq_MN"
"CGATGGCCATCACAGT.1.H4","H6","nucleuseq_MN"
"ACTTTGTAGCGTCTCG.1.H3","H1","nucleuseq_MN"
"AACAACCTCCTTCTTC.1.H3","H6","nucleuseq_MN"
"GGGATCCAGACTGGGT.1.H3","H10","nucleuseq_MN"
"ATCCACCGTATCGAGG.1.H3","H11","nucleuseq_MN"
"AGTAACCGTCGAAACG.1.H3","H6","nucleuseq_MN"
"CTGAGGCAGGGCTTCC.1.H3","H14","nucleuseq_MN"
"AGAGCAGCACTCGATA.1.H3","H10","nucleuseq_MN"
"TGAGTCACACGCTATA.1.H3","H8","nucleuseq_MN"
"CACAGATTCTTGGCTC.1.H6","H10","nucleuseq_MN"
"TTCACCGAGGGTTAGC.1.H3","H12","nucleuseq_MN"
"TCCGTGTTCTGGGCGT.1.H4","H14","nucleuseq_MN"
"CATCCACTCGGTCTAA.1.H2","H2","nucleuseq_MN"
"GTATTGGTCGGACCAC.1.H3","H14","nucleuseq_MN"
"AAGAACATCTGTACAG.1.H6","H7","nucleuseq_MN"
"AACCCAAAGTTGGCGA.1.H4","H4","nucleuseq_MN"
"AACTTTCAGTGGACGT.1.H1","H6","nucleuseq_MN"
"TTGCATTGTACACGTT.1.H3","H6","nucleuseq_MN"
"GACGTGCAGAGCAATT.1.H1","H11","nucleuseq_MN"
"CCAATCCAGCGATGAC.1.H1","H15","nucleuseq_MN"
"AACTTCTCACCCATAA.1.H6","H12","nucleuseq_MN"
"AAATGGACAAGTGCTT.1.H6","H14","nucleuseq_MN"
"GGCTTTCCACACACGC.1.H3","H9","nucleuseq_MN"
"TGAGCATTCAGCTCGG.1.H1","H11","nucleuseq_MN"
"TCCCGATTCCAGTATG.1.H2","H11","nucleuseq_MN"
"GAACACTGTAAGGCTG.1.H6","H14","nucleuseq_MN"
"AACAAGACAATTGCCA.1.H6","H10","nucleuseq_MN"
"CCACGTTTCAATCTTC.1.H4","H1","nucleuseq_MN"
"AGGGATGTCATGCAAC.1.H2","H11","nucleuseq_MN"
"GATCGCGCATTGCGGC.1.H1","H6","nucleuseq_MN"
"ACCCTTGGTAGACAGC.1.H6","H10","nucleuseq_MN"
"AGGTCATAGAGAGCCT.1.H4","H1","nucleuseq_MN"
"CGACTTCAGCTAACTC.1.H1","H11","nucleuseq_MN"
"CGATGCGAGGGACTGT.1.H6","H1","nucleuseq_MN"
"CTGTACCCAATAGGGC.1.H4","H4","nucleuseq_MN"
"TGAATCGCAACCGATT.1.H6","H1","nucleuseq_MN"
"CGCCAGAGTCCCTAAA.1.H3","H11","nucleuseq_MN"
"GCCAGTGTCCTCTCTT.1.H3","H11","nucleuseq_MN"
"TCACTATGTGTATTCG.1.H3","H11","nucleuseq_MN"
"AACCCAAAGAGGTTTA.1.H3","H1","nucleuseq_MN"
"GAGTCATTCCGGCAAC.1.H4","H13","nucleuseq_MN"
"GAATCACTCAAGAATG.1.H6","H10","nucleuseq_MN"
"GAGTGAGTCCACTTCG.1.H3","H10","nucleuseq_MN"
"GCTCAAAAGTATAGGT.1.H6","H3","nucleuseq_MN"
"TTTCAGTAGCGTGTTT.1.H4","H1","nucleuseq_MN"
"CATCCACCAGTGTATC.1.H5","H6","nucleuseq_MN"
"TACGGGCTCTGAGATC.1.H3","H3","nucleuseq_MN"
"GACCGTGTCGTCAGAT.1.H4","H14","nucleuseq_MN"
"CAGATACCACGGTGCT.1.H3","H14","nucleuseq_MN"
"GGCTGTGCACATGGTT.1.H3","H6","nucleuseq_MN"
"TAGACTGTCCTCAGGG.1.H6","H8","nucleuseq_MN"
"TAATTCCTCTATCCAT.1.H4","H6","nucleuseq_MN"
"TGGGAGACACCAAAGG.1.H3","H5","nucleuseq_MN"
"CTGATAGGTGTTGGGA.1.H2","H5","nucleuseq_MN"
"TCCCATGAGGAGTATT.1.H6","H12","nucleuseq_MN"
"TAAGCGTAGGCATCAG.1.H3","H1","nucleuseq_MN"
"CCTAGCTGTTATCCGA.1.H1","H1","nucleuseq_MN"
"TGGTAGTGTCAAGCGA.1.H4","H13","nucleuseq_MN"
"TACTGCCGTACAAGCG.1.H4","H1","nucleuseq_MN"
"CTCGAAAGTTGATTGC.1.H2","H11","nucleuseq_MN"
"CTAACTTGTGACTCGC.1.H3","H3","nucleuseq_MN"
"GGCTCGAGTGAGTATA.1.H1","H7","nucleuseq_MN"
"TTCTCTCGTATCGATC.1.H4","H4","nucleuseq_MN"
"AGTAACCAGGGCCCTT.1.H5","H7","nucleuseq_MN"
"CGTTAGAAGGAACGTC.1.H3","H1","nucleuseq_MN"
"TATTGGGCATGTCAGT.1.H3","H6","nucleuseq_MN"
"AAGACCTCATGACGGA.1.H1","H1","nucleuseq_MN"
"TCACGGGTCAACCTTT.1.H3","H1","nucleuseq_MN"
"TGTGAGTCATAGTCAC.1.H6","H11","nucleuseq_MN"
"CTGCTCAAGGTCGTAG.1.H4","H13","nucleuseq_MN"
"CCGTTCAAGATCGATA.1.H1","H2","nucleuseq_MN"
"TGCTCGTAGTGATAGT.1.H4","H6","nucleuseq_MN"
"GTCTCGTTCAGCCTAA.1.H2","H5","nucleuseq_MN"
"CAATTTCGTCTGTCCT.1.H3","H4","nucleuseq_MN"
"CAGCTGGTCCTTTCGG.1.H2","H2","nucleuseq_MN"
"TTCCCAGCACCCTATC.1.H1","H12","nucleuseq_MN"
"ATGCATGGTCGTACTA.1.H6","H11","nucleuseq_MN"
"GTTGTCCGTACCAATC.1.H4","H2","nucleuseq_MN"
"CAACAGTCATTAAGCC.1.H4","H3","nucleuseq_MN"
"TGCAGATCAGCCCAGT.1.H3","H8","nucleuseq_MN"
"CCAATGATCAAGATAG.1.H6","H11","nucleuseq_MN"
"CATCGGGAGTAAGTAC.1.H1","H8","nucleuseq_MN"
"CCGGGTAGTAGCACGA.1.H4","H12","nucleuseq_MN"
"ACATGCAAGTGACACG.1.H3","H14","nucleuseq_MN"
"TCAGTCCCAGAAGCGT.1.H3","H15","nucleuseq_MN"
"ACAGCTACACTAGTAC.1.H1","H2","nucleuseq_MN"
"GGGAAGTTCGACGATT.1.H3","H14","nucleuseq_MN"
"GCACGGTTCGGAATGG.1.H6","H11","nucleuseq_MN"
"TGCAGATCATTGGGAG.1.H4","H1","nucleuseq_MN"
"AGGACGAAGAAACTCA.1.H3","H11","nucleuseq_MN"
"CTCATGCAGGAGTATT.1.H5","H6","nucleuseq_MN"
"ACGATCACACTCTAGA.1.H3","H3","nucleuseq_MN"
"TTTGACTCACAGTCCG.1.H6","H12","nucleuseq_MN"
"ACGGTCGCACTCCCTA.1.H3","H1","nucleuseq_MN"
"AGGTCTAAGTTGAAGT.1.H5","H14","nucleuseq_MN"
"CATCAGACAGATTGCT.1.H1","H5","nucleuseq_MN"
"GGGACTCAGATGCTAA.1.H4","H10","nucleuseq_MN"
"TGGTACAGTAATGATG.1.H3","H14","nucleuseq_MN"
"TGTTGAGTCCTAACAG.1.H3","H6","nucleuseq_MN"
"CTGTGCTTCCTAGTGA.1.H2","H14","nucleuseq_MN"
"AATGACCTCCCTATTA.1.H3","H12","nucleuseq_MN"
"GTAGTCAGTATAATGG.1.H1","H2","nucleuseq_MN"
"TGAATCGGTCTACAAC.1.H4","H7","nucleuseq_MN"
"AAGACTCCACATACGT.1.H3","H2","nucleuseq_MN"
"ATACCGACACCCTTGT.1.H3","H6","nucleuseq_MN"
"AGGGTCCCAGTCAACT.1.H3","H7","nucleuseq_MN"
"AGGGTTTAGGCATCTT.1.H3","H14","nucleuseq_MN"
"AATGGCTAGGGTACGT.1.H3","H4","nucleuseq_MN"
"AGCATACCAGCGTAAG.1.H2","H1","nucleuseq_MN"
"AACCAACAGGGCAGGA.1.H4","H10","nucleuseq_MN"
"TGGTTCCAGAGGTTAT.1.H2","H5","nucleuseq_MN"
"CACTGTCCACTGGACC.1.H6","H11","nucleuseq_MN"
"CTAAGACTCACTCCTG.1.H2","H10","nucleuseq_MN"
"TATCGCCAGCCTTTCC.1.H4","H6","nucleuseq_MN"
"TGTTGAGGTCAGACGA.1.H4","H7","nucleuseq_MN"
"AAAGCAACAGACAAGC.1.H2","H10","nucleuseq_MN"
"AGATCGTGTACTGCGC.1.H3","H11","nucleuseq_MN"
"GAGAAATTCTCTAGGA.1.H5","H11","nucleuseq_MN"
"TGAATCGAGTGGCGAT.1.H4","H1","nucleuseq_MN"
"CGAGGCTCAGTCGCTG.1.H3","H9","nucleuseq_MN"
"CGACCTTAGAAACCAT.1.H2","H2","nucleuseq_MN"
"CCGGACATCACGGGAA.1.H3","H3","nucleuseq_MN"
"TAATTCCGTCGGATTT.1.H3","H8","nucleuseq_MN"
"GATGCTATCATCACAG.1.H3","H2","nucleuseq_MN"
"TAAGAGACATGCCTTC.1.H2","H7","nucleuseq_MN"
"AGTCTCCCACCGTGGT.1.H4","H2","nucleuseq_MN"
"CATCAAGTCACTTGTT.1.H6","H11","nucleuseq_MN"
"CATGGATCAACTCATG.1.H3","H6","nucleuseq_MN"
"GGGTAGAAGGTAATCA.1.H6","H7","nucleuseq_MN"
"CATCGCTTCTCGCGTT.1.H4","H5","nucleuseq_MN"
"ATGATCGCAAGGTACG.1.H4","H3","nucleuseq_MN"
"GCTGGGTTCATGCAGT.1.H5","H14","nucleuseq_MN"
"TTCTCAAGTCTAAAGA.1.H2","H1","nucleuseq_MN"
"GCAGTTACAGCTTAAC.1.H2","H5","nucleuseq_MN"
"CCGTAGGAGGCACTCC.1.H3","H5","nucleuseq_MN"
"CGAATTGAGGGCTAAC.1.H3","H7","nucleuseq_MN"
"CACTGGGCAAAGACGC.1.H3","H10","nucleuseq_MN"
"CTGTCGTAGTTCGGTT.1.H3","H7","nucleuseq_MN"
"AAGGAATCAATTGAGA.1.H3","H1","nucleuseq_MN"
"AGTTAGCGTTGCTCCT.1.H6","H10","nucleuseq_MN"
"AATCGTGTCATCACCC.1.H3","H14","nucleuseq_MN"
"GCTCCTATCGGAGGTA.1.H1","H1","nucleuseq_MN"
"CACACTCTCACCCTCA.1.H1","H6","nucleuseq_MN"
"TGCGATAGTCCGCAGT.1.H3","H1","nucleuseq_MN"
"GCAGGCTGTCTACTGA.1.H5","H4","nucleuseq_MN"
"CATATTCGTTCATGGT.1.H1","H12","nucleuseq_MN"
"CATGACAGTCACACGC.1.H2","H11","nucleuseq_MN"
"TCGCACTTCCTTCACG.1.H3","H12","nucleuseq_MN"
"CTGTAGAAGTGCACTT.1.H3","H2","nucleuseq_MN"
"CCTCTGAGTGCCTGGT.1.H1","H6","nucleuseq_MN"
"GTGCGTGCAACGGTAG.1.H6","H2","nucleuseq_MN"
"GACCTGGGTTCAGCGC.1.H2","H6","nucleuseq_MN"
"TTGAGTGGTCATCACA.1.H4","H1","nucleuseq_MN"
"AAGGTAATCTATGCCC.1.H3","H11","nucleuseq_MN"
"TCTGAGATCGGACAAG.1.H1","H14","nucleuseq_MN"
"TTCCCAGCATGGGAAC.1.H2","H6","nucleuseq_MN"
"TCAATTCAGCTGTTCA.1.H4","H8","nucleuseq_MN"
"CAGGTATAGCAGCCCT.1.H4","H11","nucleuseq_MN"
"GAAACTCCAATAGCGG.1.H1","H6","nucleuseq_MN"
"ACACTGATCAAACTGC.1.H6","H7","nucleuseq_MN"
"TGGGATTCAATTAGGA.1.H3","H5","nucleuseq_MN"
"GTAACGTGTCAGAATA.1.H1","H5","nucleuseq_MN"
"AAGACTCTCCAACCGG.1.H6","H10","nucleuseq_MN"
"CTAAGACTCTGTCTAT.1.H1","H13","nucleuseq_MN"
"TGAGTCATCTATCGTT.1.H3","H3","nucleuseq_MN"
"TGTCCCACACCGTACG.1.H3","H6","nucleuseq_MN"
"CGTTAGACATCGTTCC.1.H3","H6","nucleuseq_MN"
"AACAGGGTCGAAGCCC.1.H6","H4","nucleuseq_MN"
"TCCGAAACACGTTCGG.1.H3","H1","nucleuseq_MN"
"TGACTCCTCGAGCCAC.1.H6","H10","nucleuseq_MN"
"AAAGATGCAATCACAC.1.H1","H6","nucleuseq_MN"
"GTAACACAGACGGAAA.1.H6","H10","nucleuseq_MN"
"TTGAACGCACACCTAA.1.H6","H11","nucleuseq_MN"
"ATTGGGTTCTTTCCGG.1.H3","H12","nucleuseq_MN"
"GTCCTCAAGTATTGGA.1.H2","H1","nucleuseq_MN"
"CGCCAGATCCTTCAGC.1.H4","H3","nucleuseq_MN"
"GAGGCCTTCCACCCTA.1.H3","H11","nucleuseq_MN"
"CGATCGGCATTCGACA.1.H2","H15","nucleuseq_MN"
"TTAGTCTAGGCTGAAC.1.H4","H1","nucleuseq_MN"
"CACGAATGTCTGCGCA.1.H3","H14","nucleuseq_MN"
"AGGGCCTTCAAGGTGG.1.H4","H6","nucleuseq_MN"
"GGTTAACGTGAGCAGT.1.H3","H11","nucleuseq_MN"
"GGGTCACCACTAACCA.1.H6","H1","nucleuseq_MN"
"ATTCTTGAGTGTAGAT.1.H4","H15","nucleuseq_MN"
"CTTACCGCATAGACTC.1.H6","H10","nucleuseq_MN"
"GCGGAAATCGCCGATG.1.H3","H2","nucleuseq_MN"
"GTCATCCGTATGTCAC.1.H3","H10","nucleuseq_MN"
"CGCTTCACACGGTAAG.1.H1","H6","nucleuseq_MN"
"TCACGGGCAGGTAGTG.1.H6","H6","nucleuseq_MN"
"CTTTGCGTCTCCTATA.1.H2","H1","nucleuseq_MN"
"CAGAGAGGTGATGATA.1.H1","H12","nucleuseq_MN"
"CAATTTCCATACCACA.1.H3","H6","nucleuseq_MN"
"CATCCCAGTATGAAAC.1.H4","H2","nucleuseq_MN"
"TACTCGCTCTGGAGCC.1.H1","H6","nucleuseq_MN"
"TATGTTCAGACCAGAC.1.H3","H10","nucleuseq_MN"
"GAATAGATCTGAGTCA.1.H3","H6","nucleuseq_MN"
"GTACAGTTCGTCGATA.1.H6","H6","nucleuseq_MN"
"AAGCCATAGATGGGCT.1.H4","H4","nucleuseq_MN"
"TACCCACAGTACAACA.1.H3","H12","nucleuseq_MN"
"CCAAGCGGTCCTGAAT.1.H4","H10","nucleuseq_MN"
"TTCGCTGGTACCAATC.1.H4","H14","nucleuseq_MN"
"AAGCGAGTCCCTCTCC.1.H3","H3","nucleuseq_MN"
"GAGATGGCACAGCATT.1.H4","H12","nucleuseq_MN"
"CAAGATCCACGAAAGC.1.H2","H11","nucleuseq_MN"
"AGACCCGAGAGCCTGA.1.H3","H4","nucleuseq_MN"
"GTTCTATGTATAATGG.1.H3","H9","nucleuseq_MN"
"GGGTGAAGTTTCGATG.1.H3","H2","nucleuseq_MN"
"TAAGCACGTATAGCTC.1.H6","H1","nucleuseq_MN"
"ACGGGTCAGATCCCGC.1.H1","H7","nucleuseq_MN"
"GTGAGTTAGTGCAGCA.1.H4","H1","nucleuseq_MN"
"AACCATGAGGTAGCCA.1.H4","H10","nucleuseq_MN"
"AGAGCAGAGGGTGAGG.1.H6","H7","nucleuseq_MN"
"CACAGTATCAGGTTCA.1.H2","H14","nucleuseq_MN"
"TTGAACGAGAAGGCTC.1.H6","H12","nucleuseq_MN"
"AATCCAGCAGACGCAA.1.H1","H5","nucleuseq_MN"
"GATTCGAGTCCTGTCT.1.H3","H9","nucleuseq_MN"
"AAAGTCCGTTGCGTAT.1.H3","H1","nucleuseq_MN"
"TGAATGCAGGCTATCT.1.H5","H1","nucleuseq_MN"
"TCAGGTAGTCTTCCGT.1.H6","H3","nucleuseq_MN"
"ACAGCCGTCAGTCTTT.1.H5","H14","nucleuseq_MN"
"CGTAATGCACTAGAGG.1.H4","H10","nucleuseq_MN"
"TGTGAGTCAACCGTGC.1.H3","H11","nucleuseq_MN"
"AGGTCATAGAACTCGG.1.H1","H1","nucleuseq_MN"
"ATCAGGTGTTTGACAC.1.H4","H11","nucleuseq_MN"
"CACTGTCCAACTGTGT.1.H3","H14","nucleuseq_MN"
"CGCCAGAGTAGAGACC.1.H6","H10","nucleuseq_MN"
"GAGGCAAGTGAGATTA.1.H4","H3","nucleuseq_MN"
"CTTCTCTAGGGCATGT.1.H1","H7","nucleuseq_MN"
"CCTCTCCGTATCAAGA.1.H3","H10","nucleuseq_MN"
"TCTTGCGTCCTAGCCT.1.H3","H11","nucleuseq_MN"
"TTTACCAGTTCGGTCG.1.H3","H12","nucleuseq_MN"
"TTCGGTCTCCTGTTAT.1.H6","H3","nucleuseq_MN"
"CCTTTCTCAGTGAGTG.1.H1","H2","nucleuseq_MN"
"GGTCACGGTCTGCCTT.1.H3","H3","nucleuseq_MN"
"GTGAGCCGTGCACAAG.1.H3","H11","nucleuseq_MN"
"TCATGCCTCTGGGCCA.1.H6","H6","nucleuseq_MN"
"CCCTTAGTCATGTCAG.1.H3","H10","nucleuseq_MN"
"ACCCAAACAGACAAAT.1.H6","H14","nucleuseq_MN"
"GAAGTAAAGTGGAAGA.1.H5","H6","nucleuseq_MN"
"CAATCGAAGAGGTCAC.1.H3","H3","nucleuseq_MN"
"CTGAATGAGCAACCAG.1.H3","H2","nucleuseq_MN"
"CCTGTTGTCCACGTCT.1.H4","H9","nucleuseq_MN"
"ATACCGAAGTGAGGTC.1.H4","H12","nucleuseq_MN"
"TGGTTAGAGCCGTTAT.1.H6","H8","nucleuseq_MN"
"ACATCCCAGCGTCTCG.1.H3","H14","nucleuseq_MN"
"TATACCTCAAGTATCC.1.H4","H13","nucleuseq_MN"
"AGCCAATCAGTTACCA.1.H6","H10","nucleuseq_MN"
"TTGGATGGTTGCCTAA.1.H3","H2","nucleuseq_MN"
"CCAATTTAGATTTGCC.1.H6","H15","nucleuseq_MN"
"ACCCTCAAGATAGTGT.1.H3","H2","nucleuseq_MN"
"CCTTCCCCATCACGTA.1.H1","H6","nucleuseq_MN"
"ACGGGCTTCCAAGTAC.1.H2","H11","nucleuseq_MN"
"GTCGTAAGTATCGCGC.1.H4","H10","nucleuseq_MN"
"CTCATCGCAGATCCTA.1.H3","H7","nucleuseq_MN"
"CCAAGCGAGCCAGTAG.1.H3","H5","nucleuseq_MN"
"GATCACAAGTTGGAGC.1.H4","H7","nucleuseq_MN"
"GTGCTTCGTCTAGGCC.1.H3","H10","nucleuseq_MN"
"TTTATGCGTGCAGGAT.1.H5","H6","nucleuseq_MN"
"ACTGAGTTCTAAGCCA.1.H2","H1","nucleuseq_MN"
"TGCAGGCCAGCTACCG.1.H6","H14","nucleuseq_MN"
"GGAATGGTCCTCCACA.1.H4","H1","nucleuseq_MN"
"TCCTGCATCGGAAACG.1.H3","H10","nucleuseq_MN"
"CTTCAATAGGACTGGT.1.H6","H6","nucleuseq_MN"
"TAGATCGAGGTCGAGT.1.H6","H10","nucleuseq_MN"
"GCCTCTAAGAAACCTA.1.H2","H2","nucleuseq_MN"
"TGGATGTAGTATTAGG.1.H4","H12","nucleuseq_MN"
"CAAGGCCAGTTACCCA.1.H1","H15","nucleuseq_MN"
"TAGGTACAGGTCACAG.1.H3","H15","nucleuseq_MN"
"TCTGTCGGTTCAATCG.1.H3","H6","nucleuseq_MN"
"CACAGGCTCCATCAGA.1.H3","H8","nucleuseq_MN"
"TCGCTTGAGATGCTTC.1.H3","H10","nucleuseq_MN"
"ACGGCCAGTTCGCTAA.1.H1","H15","nucleuseq_MN"
"GTCTTTATCTGTCCGT.1.H5","H3","nucleuseq_MN"
"TCGACGGCAGGGAATC.1.H3","H2","nucleuseq_MN"
"TATCTTGTCGCCGTGA.1.H3","H1","nucleuseq_MN"
"ATAAGAGCACCACCAG.1.H2","H1","nucleuseq_MN"
"AACACACTCCAATGCA.1.H3","H2","nucleuseq_MN"
"CGCAGGTAGATCCAAA.1.H6","H6","nucleuseq_MN"
"GACACGCGTCGCACGT.1.H3","H10","nucleuseq_MN"
"CTGATCCTCATCGATG.1.H1","H12","nucleuseq_MN"
"CACGTGGAGAATAGTC.1.H3","H11","nucleuseq_MN"
"TGACTTTGTTGTCGCG.1.H1","H3","nucleuseq_MN"
"CGGACACGTTACGCCG.1.H4","H2","nucleuseq_MN"
"TCTTCCTGTATCGATC.1.H3","H10","nucleuseq_MN"
"ACGATGTGTGCCTTCT.1.H4","H10","nucleuseq_MN"
"TCAATCTGTGCGATAG.1.H1","H4","nucleuseq_MN"
"GGGTAGATCCCAGGAC.1.H3","H13","nucleuseq_MN"
"CATTCCGTCGAGTCTA.1.H3","H14","nucleuseq_MN"
"AGCAGCCAGCTAGTTC.1.H2","H2","nucleuseq_MN"
"TTCATGTTCCTTCGAC.1.H3","H7","nucleuseq_MN"
"GACTGATAGATGACAT.1.H3","H14","nucleuseq_MN"
"GTGGGTCTCTAACTGG.1.H2","H3","nucleuseq_MN"
"CGGCAGTTCTCAGTCC.1.H3","H11","nucleuseq_MN"
"ACAGCCGCATTTCACT.1.H1","H1","nucleuseq_MN"
"GACGTGCAGGTAAACT.1.H1","H7","nucleuseq_MN"
"GCACATAGTCCTTGTC.1.H3","H10","nucleuseq_MN"
"AAGTGAATCGGTATGT.1.H6","H7","nucleuseq_MN"
"TGCCCATTCGTAGGTT.1.H1","H3","nucleuseq_MN"
"GTAACGTAGTACGCGA.1.H2","H11","nucleuseq_MN"
"GCTACAACAGCTTTGA.1.H6","H7","nucleuseq_MN"
"CTCGGAGTCGTACGGC.1.H2","H7","nucleuseq_MN"
"CCGTTCATCAGTTAGC.1.H2","H11","nucleuseq_MN"
"TCAGGTATCCGCGGTA.1.H1","H7","nucleuseq_MN"
"TTCCACGAGTAGGGTC.1.H3","H15","nucleuseq_MN"
"CCTCCTCAGCATGCGA.1.H3","H4","nucleuseq_MN"
"AGTAGTCTCCGTATGA.1.H6","H14","nucleuseq_MN"
"TGAATCGAGGGTTTCT.1.H5","H9","nucleuseq_MN"
"CGCGTGACATAGATCC.1.H3","H6","nucleuseq_MN"
"CTACTATTCGCGTAGC.1.H3","H2","nucleuseq_MN"
"GCCATTCGTGACTGTT.1.H4","H14","nucleuseq_MN"
"AGCCAGCAGGGATCGT.1.H3","H2","nucleuseq_MN"
"ATACTTCCATAGTCGT.1.H4","H6","nucleuseq_MN"
"AGTTGGTCAGCAGTTT.1.H2","H7","nucleuseq_MN"
"CAACCAAAGGAATCGC.1.H2","H10","nucleuseq_MN"
"AGCCAATAGGCTTAGG.1.H3","H11","nucleuseq_MN"
"TAGGAGGTCGTCGGGT.1.H4","H6","nucleuseq_MN"
"AGATGAAGTTGTCTAG.1.H3","H7","nucleuseq_MN"
"GTGAGGACACTAGGTT.1.H3","H7","nucleuseq_MN"
"CGTAATGGTCTACGAT.1.H3","H6","nucleuseq_MN"
"GTTACCCAGAATAGTC.1.H3","H12","nucleuseq_MN"
"CGAGAAGCAACTAGAA.1.H3","H1","nucleuseq_MN"
"TCACGGGAGCCTCTTC.1.H3","H8","nucleuseq_MN"
"CCTACCAGTTGGTGGA.1.H1","H1","nucleuseq_MN"
"ACTGCTCAGTTAACGA.1.H2","H2","nucleuseq_MN"
"CTCGAGGAGACAACAT.1.H6","H4","nucleuseq_MN"
"CATCCGTGTCGTTTCC.1.H3","H10","nucleuseq_MN"
"CGAGTGCTCCAATGCA.1.H3","H10","nucleuseq_MN"
"ACGTACACATGAGGGT.1.H5","H14","nucleuseq_MN"
"GTTGCGGCACTGGCCA.1.H3","H2","nucleuseq_MN"
"ATCGCCTCAGGCTCTG.1.H5","H6","nucleuseq_MN"
"ACGGTTAAGTCAGCGA.1.H3","H10","nucleuseq_MN"
"GTCGCGAAGGACACTG.1.H3","H11","nucleuseq_MN"
"GTCTCACCAGCAAGAC.1.H3","H2","nucleuseq_MN"
"CTGAAGTTCTCCGGTT.1.H1","H6","nucleuseq_MN"
"AACAACCCAGGGTTGA.1.H3","H11","nucleuseq_MN"
"CGAGGAATCAAGGAGC.1.H3","H2","nucleuseq_MN"
"CCAATCCAGCTACCGC.1.H1","H4","nucleuseq_MN"
"AGAACAACAGGATTCT.1.H6","H1","nucleuseq_MN"
"CACCGTTAGCTAAGTA.1.H6","H1","nucleuseq_MN"
"ACTTCGCAGCCGGATA.1.H6","H10","nucleuseq_MN"
"GTCACTCAGCTAGATA.1.H3","H11","nucleuseq_MN"
"TTACCATGTATACGGG.1.H3","H10","nucleuseq_MN"
"CTCATTAGTTGTCAGT.1.H5","H6","nucleuseq_MN"
"TCAACGATCTTGAGGT.1.H2","H3","nucleuseq_MN"
"GGGCTCACAACGCCCA.1.H3","H3","nucleuseq_MN"
"GTACTCCGTAACGACG.1.H1","H12","nucleuseq_MN"
"TCCTTCTGTGACTGAG.1.H6","H11","nucleuseq_MN"
"GCTACCTAGCTGCCTG.1.H3","H10","nucleuseq_MN"
"CCTGTTGAGTGGAAAG.1.H3","H10","nucleuseq_MN"
"TGTTCATCACACTGGC.1.H6","H15","nucleuseq_MN"
"GTAGAAAAGTGGTTCT.1.H6","H6","nucleuseq_MN"
"ACCAAACAGTCCCAAT.1.H6","H9","nucleuseq_MN"
"TTCGATTGTCAACGCC.1.H3","H14","nucleuseq_MN"
"AAGCGAGGTGTATCCA.1.H3","H13","nucleuseq_MN"
"TTTGGAGCAGCTAACT.1.H3","H6","nucleuseq_MN"
"GGGCATCAGATGGCGT.1.H1","H12","nucleuseq_MN"
"AGGATCTGTGCATCTA.1.H3","H1","nucleuseq_MN"
"AGAGCAGCAACCGTAT.1.H4","H11","nucleuseq_MN"
"CGGAATTTCTGATGGT.1.H6","H1","nucleuseq_MN"
"GGGTGAAGTCAGTCGC.1.H4","H10","nucleuseq_MN"
"TTGCTGCTCATCGCAA.1.H4","H3","nucleuseq_MN"
"TCAATCTTCGGTTCAA.1.H3","H6","nucleuseq_MN"
"AACCCAAGTTAGTTCG.1.H4","H3","nucleuseq_MN"
"CGTCCATTCCATCACC.1.H4","H11","nucleuseq_MN"
"GCTGCTTCAGGTGGAT.1.H1","H9","nucleuseq_MN"
"GTAGAAAGTTGTAAAG.1.H3","H14","nucleuseq_MN"
"ACACCAATCCTCTTTC.1.H3","H7","nucleuseq_MN"
"GTTCATTCAGTGCCTG.1.H3","H7","nucleuseq_MN"
"GGCCGATCAGATCTGT.1.H2","H11","nucleuseq_MN"
"TTACAGGGTCATAGTC.1.H4","H4","nucleuseq_MN"
"TGTGTGAGTCGTAATC.1.H4","H1","nucleuseq_MN"
"GGCTTGGTCTGGACCG.1.H4","H10","nucleuseq_MN"
"ATCCGTCAGCATTGAA.1.H4","H6","nucleuseq_MN"
"AGAGAGCGTATCAGCT.1.H6","H12","nucleuseq_MN"
"TGGGATTGTTTGTTCT.1.H3","H2","nucleuseq_MN"
"CGAGGCTAGAAGTCCG.1.H3","H3","nucleuseq_MN"
"TTCCGTGGTCATCCCT.1.H3","H1","nucleuseq_MN"
"GTGCGTGTCAATGCAC.1.H6","H7","nucleuseq_MN"
"CACTGAACATTGACCA.1.H4","H11","nucleuseq_MN"
"CTATCTACAAAGAGTT.1.H6","H5","nucleuseq_MN"
"GAGGGATAGAGATTCA.1.H3","H7","nucleuseq_MN"
"CTCCTAGCAGCGAACA.1.H2","H7","nucleuseq_MN"
"CAGCTGGTCACGCATA.1.H1","H1","nucleuseq_MN"
"CGACAGCCACCAACAT.1.H6","H2","nucleuseq_MN"
"TAAGCGTGTTCTCATT.1.H2","H5","nucleuseq_MN"
"ACACGCGTCCGTGTAA.1.H3","H1","nucleuseq_MN"
"CATCGTCAGATACCAA.1.H3","H14","nucleuseq_MN"
"AGGATAACATCGTCCT.1.H3","H2","nucleuseq_MN"
"GAATCACCATGGCTAT.1.H4","H11","nucleuseq_MN"
"AGACAGGCACCGTGGT.1.H3","H7","nucleuseq_MN"
"GCGAGAAAGGAATGGA.1.H2","H6","nucleuseq_MN"
"AGGGAGTTCGCACTCT.1.H4","H1","nucleuseq_MN"
"TTACGCCGTGTTGACT.1.H6","H12","nucleuseq_MN"
"CCACGTTGTTGGTAGG.1.H4","H11","nucleuseq_MN"
"CAGTTAGTCGCGTGCA.1.H6","H1","nucleuseq_MN"
"CTACACCGTCCAACTA.1.H1","H1","nucleuseq_MN"
"GTTACAGCATCTCGCT.1.H1","H1","nucleuseq_MN"
"TCACTCGTCAGCGCGT.1.H6","H11","nucleuseq_MN"
"CGTGTCTCAAGCCGTC.1.H2","H5","nucleuseq_MN"
"TCTACCGTCGAGAGCA.1.H6","H11","nucleuseq_MN"
"TCTTGCGTCGACGAGA.1.H6","H10","nucleuseq_MN"
"GATTCGAAGCCAACCC.1.H3","H10","nucleuseq_MN"
"GTCTCACTCAGCACCG.1.H3","H6","nucleuseq_MN"
"GGTAGAGCAATACAGA.1.H3","H11","nucleuseq_MN"
"TGGGCGTAGGTAAACT.1.H1","H6","nucleuseq_MN"
"GGCTGTGCAACGACAG.1.H6","H1","nucleuseq_MN"
"TTGAGTGTCACAATGC.1.H6","H1","nucleuseq_MN"
"CCACAAAGTTGTATGC.1.H4","H10","nucleuseq_MN"
"TAAGCGTGTCCCTGAG.1.H4","H6","nucleuseq_MN"
"CTGCGAGCAGTGACCC.1.H4","H3","nucleuseq_MN"
"TGGTAGTAGATGCGAC.1.H3","H15","nucleuseq_MN"
"ATGTCCCCAACGGTAG.1.H6","H15","nucleuseq_MN"
"CACACAATCGGAATGG.1.H6","H10","nucleuseq_MN"
"CATTCTACAGTTGGTT.1.H3","H15","nucleuseq_MN"
"TCGCACTAGCCGAACA.1.H6","H7","nucleuseq_MN"
"CAAGGGATCTGCGGCA.1.H3","H2","nucleuseq_MN"
"GAGTGTTGTAGCTGTT.1.H5","H11","nucleuseq_MN"
"GTCAAGTTCGGTCTAA.1.H2","H8","nucleuseq_MN"
"GTGTAACGTGACAACG.1.H3","H3","nucleuseq_MN"
"GAAATGAAGTACTCGT.1.H3","H8","nucleuseq_MN"
"CAATTTCAGCTGGCCT.1.H3","H2","nucleuseq_MN"
"TACAACGAGCGCTGAA.1.H6","H1","nucleuseq_MN"
